doctor_id,locker_id
0,0
1,1
2,-1
3,2
4,3
5,4
6,5
7,6
8,-1
9,-1
10,7
11,8
12,-1
13,9
14,10
15,11
16,12
17,13
18,-1
19,14
20,-1
21,15
22,16
23,17
24,-1
25,18
26,-1
27,19
28,20
29,21
30,22
31,23
32,24
33,25
34,26
35,27
36,28
37,29
38,30
39,31
40,32
41,33
42,34
43,-1
44,-1
45,35
46,36
47,37
48,-1
49,38
50,39
51,40
52,41
53,42
54,43
55,44
56,45
57,46
58,47
59,48
60,49
61,-1
62,50
63,51
64,52
65,53
66,54
67,-1
68,-1
69,-1
70,55
71,56
72,57
73,-1
74,58
75,-1
76,59
77,60
78,61
79,-1
80,62
81,63
82,64
83,65
84,-1
85,66
86,67
87,-1
88,68
89,69
90,70
91,71
92,72
93,73
94,74
95,75
96,-1
97,-1
98,-1
99,-1
100,76
101,77
102,78
103,79
104,80
105,81
106,82
107,83
108,-1
109,84
110,85
111,86
112,87
113,-1
114,88
115,89
116,-1
117,-1
118,90
119,91
120,92
121,-1
122,93
123,-1
124,94
125,95
126,96
127,97
128,98
129,-1
130,99
131,100
132,101
133,-1
134,-1
135,102
136,103
137,-1
138,104
139,105
140,106
141,107
142,108
143,-1
144,109
145,110
146,111
147,112
148,113
149,114
150,115
151,116
152,-1
153,117
154,118
155,119
156,120
157,-1
158,121
159,122
160,123
161,124
162,125
163,-1
164,126
165,127
166,128
167,129
168,130
169,131
170,-1
171,132
172,133
173,134
174,135
175,136
176,137
177,138
178,139
179,-1
180,140
181,141
182,142
183,143
184,144
185,145
186,146
187,147
188,148
189,149
190,150
191,151
192,152
193,153
194,-1
195,154
196,155
197,156
198,157
199,-1
200,158
201,159
202,-1
203,160
204,161
205,162
206,-1
207,-1
208,163
209,164
210,165
211,-1
212,166
213,167
214,168
215,169
216,170
217,-1
218,171
219,172
220,173
221,174
222,-1
223,-1
224,175
225,176
226,-1
227,-1
228,177
229,178
230,-1
231,179
232,180
233,-1
234,181
235,182
236,-1
237,-1
238,183
239,-1
240,184
241,-1
242,185
243,186
244,187
245,188
246,189
247,190
248,191
249,-1
250,-1
251,-1
252,-1
253,192
254,193
255,194
256,195
257,196
258,-1
259,197
260,198
261,199
262,200
263,201
264,202
265,203
266,204
267,-1
268,205
269,206
270,207
271,-1
272,208
273,209
274,-1
275,210
276,211
277,212
278,213
279,-1
280,214
281,-1
282,215
283,-1
284,216
285,217
286,218
287,219
288,220
289,221
290,222
291,-1
292,223
293,224
294,225
295,-1
296,226
297,227
298,228
299,229
300,230
301,231
302,232
303,-1
304,-1
305,233
306,234
307,235
308,236
309,237
310,238
311,239
312,-1
313,240
314,-1
315,241
316,242
317,243
318,-1
319,244
320,-1
321,245
322,246
323,247
324,248
325,249
326,250
327,-1
328,251
329,252
330,253
331,254
332,255
333,256
334,257
335,-1
336,258
337,259
338,260
339,261
340,-1
341,262
342,263
343,264
344,-1
345,265
346,-1
347,266
348,267
349,268
350,269
351,270
352,271
353,272
354,273
355,-1
356,274
357,275
358,276
359,-1
360,-1
361,-1
362,277
363,-1
364,278
365,279
366,280
367,281
368,282
369,283
370,-1
371,284
372,285
373,286
374,-1
375,287
376,288
377,289
378,-1
379,-1
380,290
381,291
382,292
383,293
384,294
385,295
386,296
387,-1
388,-1
389,297
390,298
391,299
392,300
393,301
394,302
395,303
396,304
397,305
398,306
399,-1
400,307
401,-1
402,308
403,309
404,310
405,-1
406,311
407,312
408,-1
409,-1
410,313
411,-1
412,314
413,315
414,316
415,317
416,318
417,319
418,320
419,321
420,322
421,323
422,-1
423,324
424,325
425,326
426,327
427,-1
428,-1
429,328
430,329
431,330
432,331
433,332
434,333
435,-1
436,334
437,335
438,-1
439,336
440,337
441,338
442,339
443,340
444,341
445,342
446,343
447,344
448,345
449,346
450,347
451,348
452,-1
453,349
454,350
455,351
456,352
457,353
458,-1
459,354
460,-1
461,355
462,356
463,357
464,-1
465,358
466,359
467,360
468,361
469,362
470,363
471,-1
472,364
473,365
474,366
475,367
476,-1
477,-1
478,368
479,369
480,370
481,-1
482,371
483,372
484,373
485,374
486,-1
487,375
488,376
489,377
490,-1
491,378
492,379
493,-1
494,-1
495,380
496,381
497,382
498,383
499,384
500,385
501,386
502,-1
503,387
504,388
505,-1
506,389
507,390
508,391
509,392
510,393
511,394
512,-1
513,395
514,396
515,397
516,398
517,399
518,-1
519,400
520,401
521,402
522,403
523,404
524,405
525,406
526,407
527,-1
528,408
529,-1
530,409
531,410
532,411
533,412
534,413
535,414
536,415
537,416
538,-1
539,417
540,-1
541,418
542,419
543,420
544,-1
545,421
546,422
547,423
548,424
549,425
550,426
551,427
552,428
553,-1
554,429
555,430
556,-1
557,-1
558,431
559,-1
560,432
561,433
562,-1
563,434
564,-1
565,435
566,436
567,-1
568,437
569,-1
570,438
571,439
572,440
573,-1
574,441
575,-1
576,442
577,-1
578,443
579,444
580,-1
581,445
582,446
583,447
584,448
585,-1
586,-1
587,-1
588,449
589,450
590,451
591,452
592,453
593,454
594,455
595,-1
596,456
597,457
598,458
599,459
600,460
601,461
602,-1
603,462
604,463
605,-1
606,464
607,465
608,466
609,467
610,468
611,-1
612,469
613,470
614,-1
615,471
616,472
617,473
618,474
619,475
620,-1
621,476
622,477
623,478
624,479
625,480
626,481
627,482
628,483
629,484
630,485
631,486
632,487
633,488
634,-1
635,489
636,490
637,491
638,492
639,-1
640,493
641,494
642,495
643,496
644,497
645,-1
646,498
647,499
648,500
649,501
650,502
651,503
652,504
653,505
654,506
655,507
656,508
657,509
658,510
659,-1
660,511
661,512
662,513
663,-1
664,514
665,515
666,516
667,-1
668,517
669,518
670,519
671,520
672,-1
673,521
674,522
675,523
676,524
677,525
678,526
679,-1
680,527
681,-1
682,528
683,529
684,530
685,531
686,532
687,533
688,-1
689,534
690,535
691,536
692,537
693,538
694,539
695,540
696,-1
697,-1
698,-1
699,541
700,542
701,543
702,544
703,545
704,-1
705,546
706,547
707,548
708,549
709,-1
710,550
711,-1
712,551
713,552
714,-1
715,553
716,554
717,-1
718,-1
719,555
720,-1
721,-1
722,556
723,-1
724,557
725,-1
726,558
727,559
728,-1
729,560
730,561
731,562
732,-1
733,563
734,-1
735,564
736,565
737,566
738,567
739,-1
740,568
741,569
742,-1
743,570
744,571
745,-1
746,572
747,573
748,574
749,575
750,576
751,577
752,-1
753,578
754,579
755,580
756,581
757,582
758,-1
759,583
760,584
761,585
762,-1
763,-1
764,-1
765,-1
766,586
767,587
768,-1
769,-1
770,588
771,589
772,590
773,591
774,-1
775,-1
776,592
777,-1
778,593
779,594
780,595
781,596
782,-1
783,597
784,-1
785,-1
786,-1
787,-1
788,598
789,599
790,600
791,601
792,602
793,603
794,604
795,605
796,606
797,607
798,608
799,609
800,610
801,611
802,612
803,613
804,614
805,615
806,-1
807,616
808,-1
809,-1
810,-1
811,-1
812,617
813,-1
814,618
815,619
816,-1
817,-1
818,620
819,-1
820,621
821,622
822,623
823,624
824,625
825,626
826,627
827,628
828,629
829,-1
830,630
831,631
832,632
833,633
834,634
835,635
836,636
837,-1
838,-1
839,637
840,638
841,639
842,640
843,641
844,642
845,643
846,644
847,645
848,646
849,647
850,648
851,-1
852,649
853,650
854,-1
855,651
856,652
857,653
858,654
859,655
860,656
861,657
862,-1
863,658
864,659
865,-1
866,660
867,661
868,-1
869,662
870,-1
871,663
872,664
873,665
874,666
875,667
876,-1
877,668
878,669
879,670
880,-1
881,671
882,672
883,673
884,674
885,675
886,676
887,677
888,678
889,679
890,-1
891,680
892,681
893,682
894,683
895,684
896,685
897,686
898,687
899,688
900,689
901,690
902,-1
903,691
904,692
905,693
906,694
907,695
908,696
909,697
910,-1
911,698
912,-1
913,699
914,700
915,-1
916,701
917,702
918,-1
919,703
920,704
921,-1
922,705
923,706
924,707
925,708
926,709
927,710
928,711
929,712
930,713
931,-1
932,714
933,-1
934,715
935,716
936,-1
937,717
938,718
939,719
940,-1
941,-1
942,720
943,721
944,-1
945,-1
946,722
947,723
948,724
949,725
950,726
951,727
952,-1
953,728
954,729
955,730
956,731
957,-1
958,-1
959,732
960,733
961,734
962,-1
963,735
964,736
965,-1
966,737
967,738
968,739
969,740
970,741
971,-1
972,742
973,743
974,744
975,-1
976,745
977,746
978,747
979,748
980,749
981,750
982,-1
983,751
984,752
985,753
986,754
987,755
988,-1
989,756
990,757
991,758
992,759
993,760
994,761
995,762
996,763
997,764
998,765
999,766
1000,767
1001,768
1002,-1
1003,769
1004,-1
1005,-1
1006,770
1007,-1
1008,771
1009,-1
1010,772
1011,773
1012,-1
1013,774
1014,775
1015,776
1016,777
1017,778
1018,779
1019,780
1020,781
1021,782
1022,783
1023,784
1024,785
1025,786
1026,-1
1027,-1
1028,787
1029,788
1030,789
1031,-1
1032,-1
1033,790
1034,791
1035,792
1036,-1
1037,-1
1038,-1
1039,793
1040,794
1041,795
1042,-1
1043,796
1044,-1
1045,-1
1046,797
1047,-1
1048,-1
1049,798
1050,-1
1051,799
1052,800
1053,-1
1054,801
1055,802
1056,803
1057,804
1058,805
1059,-1
1060,-1
1061,806
1062,807
1063,808
1064,809
1065,810
1066,-1
1067,811
1068,812
1069,813
1070,814
1071,815
1072,816
1073,817
1074,818
1075,819
1076,-1
1077,820
1078,821
1079,-1
1080,822
1081,823
1082,824
1083,-1
1084,825
1085,826
1086,827
1087,828
1088,829
1089,830
1090,831
1091,832
1092,-1
1093,833
1094,-1
1095,-1
1096,834
1097,835
1098,-1
1099,836
1100,-1
1101,837
1102,838
1103,839
1104,-1
1105,840
1106,841
1107,842
1108,843
1109,844
1110,845
1111,846
1112,847
1113,848
1114,849
1115,850
1116,-1
1117,851
1118,852
1119,853
1120,854
1121,-1
1122,-1
1123,855
1124,856
1125,857
1126,858
1127,-1
1128,859
1129,860
1130,861
1131,862
1132,863
1133,864
1134,865
1135,866
1136,-1
1137,867
1138,868
1139,869
1140,870
1141,-1
1142,871
1143,-1
1144,872
1145,-1
1146,873
1147,874
1148,875
1149,-1
1150,876
1151,-1
1152,877
1153,-1
1154,878
1155,879
1156,880
1157,881
1158,-1
1159,882
1160,883
1161,884
1162,-1
1163,885
1164,-1
1165,886
1166,887
1167,888
1168,-1
1169,889
1170,890
1171,-1
1172,-1
1173,891
1174,892
1175,-1
1176,893
1177,894
1178,895
1179,-1
1180,896
1181,897
1182,898
1183,-1
1184,899
1185,900
1186,901
1187,902
1188,-1
1189,903
1190,904
1191,905
1192,906
1193,907
1194,908
1195,909
1196,-1
1197,910
1198,911
1199,912
1200,913
1201,-1
1202,-1
1203,914
1204,-1
1205,-1
1206,-1
1207,915
1208,916
1209,917
1210,918
1211,919
1212,-1
1213,920
1214,-1
1215,921
1216,-1
1217,922
1218,923
1219,-1
1220,924
1221,-1
1222,925
1223,-1
1224,926
1225,927
1226,928
1227,929
1228,-1
1229,930
1230,931
1231,-1
1232,-1
1233,932
1234,933
1235,934
1236,-1
1237,-1
1238,935
1239,936
1240,937
1241,938
1242,939
1243,940
1244,941
1245,-1
1246,942
1247,943
1248,944
1249,945
1250,-1
1251,-1
1252,-1
1253,-1
1254,946
1255,947
1256,948
1257,949
1258,950
1259,-1
1260,951
1261,952
1262,953
1263,954
1264,955
1265,956
1266,957
1267,958
1268,959
1269,-1
1270,960
1271,961
1272,-1
1273,962
1274,963
1275,-1
1276,964
1277,-1
1278,965
1279,966
1280,967
1281,968
1282,969
1283,970
1284,971
1285,972
1286,973
1287,974
1288,-1
1289,975
1290,976
1291,-1
1292,977
1293,978
1294,979
1295,980
1296,981
1297,-1
1298,982
1299,983
1300,-1
1301,984
1302,985
1303,986
1304,-1
1305,987
1306,988
1307,989
1308,990
1309,991
1310,992
1311,993
1312,994
1313,995
1314,996
1315,997
1316,998
1317,999
1318,1000
1319,1001
1320,-1
1321,1002
1322,-1
1323,1003
1324,1004
1325,1005
1326,1006
1327,1007
1328,1008
1329,1009
1330,-1
1331,1010
1332,-1
1333,1011
1334,1012
1335,1013
1336,1014
1337,1015
1338,1016
1339,1017
1340,-1
1341,1018
1342,1019
1343,1020
1344,-1
1345,1021
1346,1022
1347,1023
1348,1024
1349,1025
1350,1026
1351,1027
1352,1028
1353,1029
1354,1030
1355,-1
1356,-1
1357,1031
1358,1032
1359,1033
1360,1034
1361,1035
1362,1036
1363,1037
1364,-1
1365,1038
1366,1039
1367,1040
1368,-1
1369,1041
1370,1042
1371,1043
1372,1044
1373,-1
1374,1045
1375,-1
1376,1046
1377,1047
1378,-1
1379,1048
1380,-1
1381,1049
1382,1050
1383,1051
1384,1052
1385,1053
1386,1054
1387,1055
1388,1056
1389,-1
1390,1057
1391,-1
1392,1058
1393,1059
1394,1060
1395,-1
1396,1061
1397,-1
1398,-1
1399,1062
1400,1063
1401,1064
1402,1065
1403,1066
1404,1067
1405,1068
1406,-1
1407,1069
1408,1070
1409,1071
1410,1072
1411,-1
1412,-1
1413,1073
1414,-1
1415,1074
1416,1075
1417,1076
1418,1077
1419,1078
1420,1079
1421,1080
1422,-1
1423,1081
1424,-1
1425,-1
1426,1082
1427,-1
1428,1083
1429,1084
1430,1085
1431,1086
1432,1087
1433,1088
1434,1089
1435,1090
1436,-1
1437,1091
1438,1092
1439,1093
1440,1094
1441,1095
1442,1096
1443,1097
1444,1098
1445,1099
1446,1100
1447,1101
1448,1102
1449,1103
1450,1104
1451,-1
1452,1105
1453,1106
1454,-1
1455,-1
1456,-1
1457,1107
1458,1108
1459,1109
1460,1110
1461,1111
1462,-1
1463,1112
1464,-1
1465,-1
1466,1113
1467,1114
1468,-1
1469,1115
1470,1116
1471,-1
1472,1117
1473,1118
1474,1119
1475,1120
1476,1121
1477,1122
1478,-1
1479,1123
1480,1124
1481,-1
1482,1125
1483,1126
1484,1127
1485,1128
1486,1129
1487,1130
1488,1131
1489,-1
1490,1132
1491,-1
1492,-1
1493,1133
1494,1134
1495,1135
1496,1136
1497,1137
1498,1138
1499,1139
1500,1140
1501,-1
1502,-1
1503,1141
1504,1142
1505,1143
1506,-1
1507,1144
1508,1145
1509,1146
1510,1147
1511,-1
1512,1148
1513,-1
1514,1149
1515,1150
1516,-1
1517,-1
1518,1151
1519,1152
1520,1153
1521,1154
1522,1155
1523,-1
1524,1156
1525,1157
1526,1158
1527,1159
1528,1160
1529,-1
1530,-1
1531,1161
1532,1162
1533,1163
1534,1164
1535,-1
1536,1165
1537,1166
1538,-1
1539,1167
1540,1168
1541,1169
1542,-1
1543,1170
1544,1171
1545,-1
1546,1172
1547,-1
1548,-1
1549,1173
1550,1174
1551,1175
1552,1176
1553,1177
1554,-1
1555,1178
1556,1179
1557,-1
1558,-1
1559,-1
1560,1180
1561,-1
1562,-1
1563,1181
1564,1182
1565,1183
1566,1184
1567,1185
1568,1186
1569,1187
1570,1188
1571,1189
1572,1190
1573,1191
1574,-1
1575,1192
1576,1193
1577,1194
1578,-1
1579,-1
1580,1195
1581,1196
1582,1197
1583,1198
1584,1199
1585,1200
1586,1201
1587,1202
1588,1203
1589,1204
1590,1205
1591,1206
1592,-1
1593,1207
1594,1208
1595,-1
1596,-1
1597,1209
1598,1210
1599,-1
1600,1211
1601,-1
1602,1212
1603,1213
1604,1214
1605,-1
1606,1215
1607,1216
1608,-1
1609,1217
1610,1218
1611,1219
1612,1220
1613,-1
1614,-1
1615,1221
1616,1222
1617,1223
1618,1224
1619,1225
1620,1226
1621,1227
1622,1228
1623,1229
1624,1230
1625,1231
1626,1232
1627,1233
1628,1234
1629,1235
1630,-1
1631,1236
1632,1237
1633,1238
1634,1239
1635,1240
1636,-1
1637,1241
1638,-1
1639,1242
1640,1243
1641,1244
1642,1245
1643,1246
1644,1247
1645,1248
1646,-1
1647,1249
1648,-1
1649,1250
1650,1251
1651,-1
1652,-1
1653,1252
1654,1253
1655,-1
1656,1254
1657,1255
1658,1256
1659,1257
1660,1258
1661,1259
1662,-1
1663,-1
1664,1260
1665,-1
1666,1261
1667,1262
1668,-1
1669,-1
1670,1263
1671,1264
1672,1265
1673,1266
1674,1267
1675,1268
1676,1269
1677,1270
1678,1271
1679,1272
1680,1273
1681,1274
1682,1275
1683,1276
1684,1277
1685,1278
1686,1279
1687,-1
1688,1280
1689,-1
1690,-1
1691,1281
1692,-1
1693,1282
1694,1283
1695,1284
1696,1285
1697,1286
1698,1287
1699,1288
1700,1289
1701,-1
1702,1290
1703,1291
1704,-1
1705,1292
1706,1293
1707,1294
1708,1295
1709,1296
1710,1297
1711,-1
1712,1298
1713,1299
1714,-1
1715,1300
1716,1301
1717,1302
1718,1303
1719,1304
1720,1305
1721,1306
1722,-1
1723,-1
1724,-1
1725,1307
1726,-1
1727,1308
1728,1309
1729,-1
1730,1310
1731,1311
1732,1312
1733,1313
1734,-1
1735,-1
1736,1314
1737,-1
1738,1315
1739,1316
1740,1317
1741,1318
1742,1319
1743,-1
1744,1320
1745,1321
1746,1322
1747,1323
1748,1324
1749,1325
1750,-1
1751,-1
1752,1326
1753,1327
1754,1328
1755,1329
1756,1330
1757,-1
1758,1331
1759,-1
1760,1332
1761,1333
1762,1334
1763,1335
1764,1336
1765,1337
1766,1338
1767,1339
1768,-1
1769,1340
1770,1341
1771,1342
1772,1343
1773,1344
1774,1345
1775,1346
1776,1347
1777,1348
1778,-1
1779,1349
1780,1350
1781,1351
1782,1352
1783,1353
1784,1354
1785,1355
1786,1356
1787,1357
1788,1358
1789,1359
1790,1360
1791,1361
1792,1362
1793,1363
1794,1364
1795,-1
1796,1365
1797,1366
1798,-1
1799,1367
1800,1368
1801,1369
1802,-1
1803,1370
1804,1371
1805,1372
1806,1373
1807,1374
1808,-1
1809,1375
1810,1376
1811,-1
1812,-1
1813,1377
1814,1378
1815,-1
1816,1379
1817,-1
1818,1380
1819,-1
1820,-1
1821,1381
1822,-1
1823,1382
1824,1383
1825,1384
1826,1385
1827,1386
1828,-1
1829,1387
1830,-1
1831,-1
1832,1388
1833,1389
1834,-1
1835,1390
1836,1391
1837,1392
1838,1393
1839,1394
1840,1395
1841,1396
1842,1397
1843,1398
1844,1399
1845,1400
1846,1401
1847,1402
1848,1403
1849,1404
1850,1405
1851,1406
1852,1407
1853,1408
1854,1409
1855,1410
1856,-1
1857,1411
1858,-1
1859,1412
1860,1413
1861,1414
1862,1415
1863,1416
1864,1417
1865,1418
1866,1419
1867,1420
1868,1421
1869,1422
1870,1423
1871,-1
1872,1424
1873,-1
1874,1425
1875,1426
1876,1427
1877,-1
1878,-1
1879,1428
1880,1429
1881,1430
1882,1431
1883,-1
1884,1432
1885,1433
1886,1434
1887,-1
1888,1435
1889,-1
1890,1436
1891,1437
1892,-1
1893,1438
1894,1439
1895,-1
1896,1440
1897,-1
1898,-1
1899,1441
1900,1442
1901,1443
1902,1444
1903,1445
1904,1446
1905,1447
1906,-1
1907,1448
1908,1449
1909,1450
1910,-1
1911,1451
1912,-1
1913,-1
1914,1452
1915,1453
1916,1454
1917,1455
1918,1456
1919,1457
1920,1458
1921,1459
1922,1460
1923,1461
1924,-1
1925,1462
1926,1463
1927,1464
1928,1465
1929,1466
1930,1467
1931,1468
1932,-1
1933,-1
1934,1469
1935,-1
1936,1470
1937,-1
1938,1471
1939,-1
1940,1472
1941,1473
1942,-1
1943,-1
1944,1474
1945,-1
1946,1475
1947,1476
1948,1477
1949,1478
1950,1479
1951,1480
1952,1481
1953,1482
1954,1483
1955,1484
1956,1485
1957,-1
1958,1486
1959,1487
1960,1488
1961,1489
1962,1490
1963,1491
1964,1492
1965,1493
1966,-1
1967,1494
1968,-1
1969,-1
1970,-1
1971,1495
1972,1496
1973,1497
1974,1498
1975,1499
1976,-1
1977,1500
1978,1501
1979,1502
1980,1503
1981,1504
1982,1505
1983,-1
1984,-1
1985,-1
1986,1506
1987,1507
1988,1508
1989,1509
1990,1510
1991,1511
1992,1512
1993,1513
1994,-1
1995,1514
1996,1515
1997,1516
1998,-1
1999,1517
2000,1518
2001,1519
2002,1520
2003,1521
2004,-1
2005,1522
2006,1523
2007,1524
2008,1525
2009,1526
2010,1527
2011,1528
2012,1529
2013,1530
2014,1531
2015,1532
2016,-1
2017,-1
2018,1533
2019,-1
2020,1534
2021,1535
2022,-1
2023,1536
2024,1537
2025,1538
2026,-1
2027,-1
2028,1539
2029,1540
2030,-1
2031,1541
2032,1542
2033,1543
2034,1544
2035,1545
2036,1546
2037,1547
2038,-1
2039,-1
2040,1548
2041,-1
2042,-1
2043,1549
2044,-1
2045,1550
2046,-1
2047,1551
2048,1552
2049,1553
2050,1554
2051,1555
2052,1556
2053,1557
2054,1558
2055,-1
2056,-1
2057,1559
2058,1560
2059,1561
2060,1562
2061,1563
2062,1564
2063,-1
2064,1565
2065,1566
2066,1567
2067,1568
2068,-1
2069,1569
2070,-1
2071,1570
2072,1571
2073,1572
2074,1573
2075,1574
2076,1575
2077,1576
2078,1577
2079,-1
2080,1578
2081,1579
2082,1580
2083,1581
2084,1582
2085,1583
2086,1584
2087,1585
2088,-1
2089,-1
2090,1586
2091,1587
2092,1588
2093,-1
2094,1589
2095,-1
2096,1590
2097,1591
2098,1592
2099,1593
2100,-1
2101,1594
2102,1595
2103,1596
2104,1597
2105,1598
2106,1599
2107,1600
2108,-1
2109,-1
2110,1601
2111,1602
2112,1603
2113,1604
2114,-1
2115,1605
2116,1606
2117,-1
2118,1607
2119,1608
2120,1609
2121,1610
2122,1611
2123,1612
2124,-1
2125,1613
2126,1614
2127,1615
2128,1616
2129,1617
2130,-1
2131,1618
2132,-1
2133,1619
2134,-1
2135,1620
2136,1621
2137,1622
2138,1623
2139,-1
2140,1624
2141,1625
2142,1626
2143,1627
2144,1628
2145,1629
2146,1630
2147,1631
2148,1632
2149,1633
2150,-1
2151,1634
2152,-1
2153,1635
2154,-1
2155,1636
2156,1637
2157,1638
2158,-1
2159,1639
2160,1640
2161,1641
2162,1642
2163,1643
2164,-1
2165,1644
2166,1645
2167,1646
2168,1647
2169,1648
2170,1649
2171,1650
2172,1651
2173,-1
2174,-1
2175,1652
2176,1653
2177,1654
2178,-1
2179,1655
2180,-1
2181,-1
2182,1656
2183,1657
2184,1658
2185,-1
2186,-1
2187,1659
2188,-1
2189,1660
2190,1661
2191,1662
2192,-1
2193,1663
2194,1664
2195,-1
2196,1665
2197,1666
2198,1667
2199,1668
2200,1669
2201,-1
2202,1670
2203,-1
2204,-1
2205,1671
2206,1672
2207,1673
2208,1674
2209,1675
2210,1676
2211,-1
2212,1677
2213,1678
2214,1679
2215,1680
2216,1681
2217,1682
2218,-1
2219,1683
2220,1684
2221,-1
2222,1685
2223,1686
2224,1687
2225,-1
2226,1688
2227,1689
2228,-1
2229,1690
2230,1691
2231,1692
2232,-1
2233,1693
2234,1694
2235,1695
2236,1696
2237,1697
2238,-1
2239,1698
2240,1699
2241,1700
2242,-1
2243,1701
2244,1702
2245,1703
2246,-1
2247,1704
2248,1705
2249,1706
2250,1707
2251,1708
2252,1709
2253,1710
2254,-1
2255,1711
2256,1712
2257,1713
2258,1714
2259,1715
2260,1716
2261,1717
2262,1718
2263,1719
2264,1720
2265,-1
2266,-1
2267,1721
2268,-1
2269,1722
2270,-1
2271,1723
2272,1724
2273,1725
2274,1726
2275,1727
2276,1728
2277,1729
2278,-1
2279,-1
2280,1730
2281,1731
2282,1732
2283,1733
2284,1734
2285,1735
2286,-1
2287,-1
2288,-1
2289,1736
2290,-1
2291,1737
2292,1738
2293,-1
2294,-1
2295,1739
2296,1740
2297,1741
2298,1742
2299,1743
2300,1744
2301,1745
2302,1746
2303,1747
2304,1748
2305,-1
2306,1749
2307,1750
2308,-1
2309,1751
2310,1752
2311,1753
2312,-1
2313,1754
2314,1755
2315,1756
2316,1757
2317,-1
2318,-1
2319,1758
2320,-1
2321,1759
2322,1760
2323,-1
2324,1761
2325,1762
2326,-1
2327,1763
2328,1764
2329,1765
2330,1766
2331,1767
2332,1768
2333,1769
2334,1770
2335,1771
2336,-1
2337,1772
2338,1773
2339,1774
2340,-1
2341,-1
2342,1775
2343,1776
2344,1777
2345,1778
2346,1779
2347,1780
2348,-1
2349,-1
2350,1781
2351,1782
2352,-1
2353,1783
2354,1784
2355,1785
2356,-1
2357,1786
2358,1787
2359,1788
2360,-1
2361,1789
2362,-1
2363,1790
2364,1791
2365,1792
2366,1793
2367,1794
2368,-1
2369,1795
2370,1796
2371,1797
2372,1798
2373,-1
2374,1799
2375,1800
2376,1801
2377,1802
2378,-1
2379,1803
2380,1804
2381,1805
2382,1806
2383,-1
2384,1807
2385,1808
2386,1809
2387,1810
2388,1811
2389,1812
2390,1813
2391,1814
2392,-1
2393,1815
2394,1816
2395,1817
2396,1818
2397,-1
2398,1819
2399,1820
2400,1821
2401,1822
2402,1823
2403,1824
2404,1825
2405,1826
2406,1827
2407,1828
2408,1829
2409,1830
2410,1831
2411,1832
2412,1833
2413,1834
2414,1835
2415,-1
2416,1836
2417,-1
2418,1837
2419,1838
2420,-1
2421,-1
2422,1839
2423,1840
2424,1841
2425,1842
2426,1843
2427,1844
2428,1845
2429,1846
2430,-1
2431,1847
2432,1848
2433,1849
2434,1850
2435,1851
2436,1852
2437,-1
2438,-1
2439,1853
2440,1854
2441,1855
2442,1856
2443,1857
2444,1858
2445,1859
2446,1860
2447,-1
2448,1861
2449,1862
2450,1863
2451,-1
2452,1864
2453,1865
2454,1866
2455,-1
2456,-1
2457,1867
2458,1868
2459,1869
2460,1870
2461,1871
2462,-1
2463,-1
2464,-1
2465,1872
2466,1873
2467,1874
2468,1875
2469,-1
2470,1876
2471,1877
2472,1878
2473,1879
2474,1880
2475,1881
2476,1882
2477,1883
2478,-1
2479,1884
2480,-1
2481,1885
2482,1886
2483,1887
2484,-1
2485,1888
2486,1889
2487,1890
2488,1891
2489,1892
2490,-1
2491,1893
2492,1894
2493,1895
2494,1896
2495,-1
2496,-1
2497,-1
2498,1897
2499,1898
2500,1899
2501,1900
2502,1901
2503,-1
2504,-1
2505,1902
2506,-1
2507,1903
2508,1904
2509,1905
2510,-1
2511,1906
2512,1907
2513,1908
2514,1909
2515,1910
2516,1911
2517,1912
2518,-1
2519,1913
2520,1914
2521,1915
2522,1916
2523,1917
2524,1918
2525,1919
2526,-1
2527,1920
2528,1921
2529,1922
2530,1923
2531,-1
2532,-1
2533,1924
2534,1925
2535,1926
2536,1927
2537,-1
2538,1928
2539,1929
2540,-1
2541,-1
2542,1930
2543,-1
2544,1931
2545,1932
2546,-1
2547,-1
2548,-1
2549,1933
2550,-1
2551,1934
2552,1935
2553,-1
2554,-1
2555,1936
2556,1937
2557,1938
2558,1939
2559,1940
2560,-1
2561,1941
2562,-1
2563,1942
2564,1943
2565,1944
2566,-1
2567,1945
2568,1946
2569,1947
2570,-1
2571,1948
2572,-1
2573,-1
2574,1949
2575,1950
2576,1951
2577,1952
2578,-1
2579,1953
2580,1954
2581,1955
2582,1956
2583,1957
2584,1958
2585,1959
2586,1960
2587,1961
2588,-1
2589,1962
2590,1963
2591,1964
2592,1965
2593,1966
2594,1967
2595,-1
2596,1968
2597,1969
2598,1970
2599,1971
2600,1972
2601,1973
2602,1974
2603,1975
2604,1976
2605,-1
2606,1977
2607,-1
2608,1978
2609,1979
2610,1980
2611,1981
2612,-1
2613,1982
2614,1983
2615,1984
2616,1985
2617,1986
2618,1987
2619,1988
2620,1989
2621,1990
2622,1991
2623,1992
2624,1993
2625,1994
2626,1995
2627,1996
2628,1997
2629,1998
2630,1999
2631,2000
2632,2001
2633,2002
2634,-1
2635,2003
2636,-1
2637,2004
2638,2005
2639,2006
2640,2007
2641,2008
2642,2009
2643,-1
2644,-1
2645,2010
2646,-1
2647,2011
2648,2012
2649,2013
2650,2014
2651,2015
2652,2016
2653,-1
2654,-1
2655,2017
2656,-1
2657,-1
2658,2018
2659,2019
2660,-1
2661,2020
2662,2021
2663,2022
2664,2023
2665,-1
2666,-1
2667,2024
2668,2025
2669,-1
2670,2026
2671,2027
2672,-1
2673,2028
2674,2029
2675,2030
2676,2031
2677,-1
2678,2032
2679,2033
2680,2034
2681,2035
2682,-1
2683,-1
2684,2036
2685,-1
2686,2037
2687,2038
2688,2039
2689,2040
2690,2041
2691,-1
2692,-1
2693,-1
2694,-1
2695,2042
2696,2043
2697,2044
2698,2045
2699,2046
2700,2047
2701,2048
2702,2049
2703,2050
2704,2051
2705,-1
2706,-1
2707,2052
2708,2053
2709,2054
2710,2055
2711,2056
2712,-1
2713,-1
2714,2057
2715,2058
2716,-1
2717,2059
2718,2060
2719,-1
2720,-1
2721,-1
2722,2061
2723,2062
2724,2063
2725,-1
2726,2064
2727,2065
2728,2066
2729,2067
2730,2068
2731,2069
2732,-1
2733,-1
2734,-1
2735,2070
2736,2071
2737,2072
2738,2073
2739,2074
2740,2075
2741,-1
2742,2076
2743,2077
2744,-1
2745,2078
2746,2079
2747,2080
2748,2081
2749,2082
2750,2083
2751,2084
2752,2085
2753,2086
2754,2087
2755,2088
2756,-1
2757,-1
2758,2089
2759,2090
2760,2091
2761,2092
2762,2093
2763,2094
2764,2095
2765,-1
2766,-1
2767,-1
2768,-1
2769,2096
2770,-1
2771,2097
2772,2098
2773,-1
2774,2099
2775,2100
2776,2101
2777,2102
2778,2103
2779,2104
2780,2105
2781,2106
2782,2107
2783,2108
2784,-1
2785,2109
2786,2110
2787,2111
2788,2112
2789,2113
2790,2114
2791,-1
2792,-1
2793,2115
2794,-1
2795,2116
2796,2117
2797,-1
2798,-1
2799,-1
2800,2118
2801,2119
2802,2120
2803,2121
2804,2122
2805,2123
2806,2124
2807,-1
2808,-1
2809,-1
2810,2125
2811,2126
2812,2127
2813,2128
2814,-1
2815,2129
2816,2130
2817,-1
2818,2131
2819,-1
2820,-1
2821,2132
2822,2133
2823,2134
2824,2135
2825,2136
2826,-1
2827,2137
2828,-1
2829,2138
2830,2139
2831,2140
2832,2141
2833,2142
2834,2143
2835,-1
2836,2144
2837,2145
2838,2146
2839,2147
2840,2148
2841,2149
2842,2150
2843,2151
2844,-1
2845,-1
2846,2152
2847,2153
2848,2154
2849,2155
2850,2156
2851,2157
2852,2158
2853,2159
2854,2160
2855,2161
2856,2162
2857,2163
2858,2164
2859,2165
2860,2166
2861,-1
2862,-1
2863,2167
2864,2168
2865,2169
2866,-1
2867,-1
2868,2170
2869,2171
2870,2172
2871,2173
2872,-1
2873,2174
2874,2175
2875,2176
2876,2177
2877,2178
2878,2179
2879,2180
2880,-1
2881,2181
2882,2182
2883,2183
2884,2184
2885,2185
2886,-1
2887,2186
2888,2187
2889,2188
2890,2189
2891,2190
2892,-1
2893,-1
2894,-1
2895,2191
2896,2192
2897,2193
2898,-1
2899,2194
2900,-1
2901,2195
2902,2196
2903,2197
2904,2198
2905,-1
2906,-1
2907,2199
2908,-1
2909,2200
2910,-1
2911,2201
2912,2202
2913,-1
2914,-1
2915,2203
2916,2204
2917,-1
2918,-1
2919,2205
2920,2206
2921,2207
2922,2208
2923,2209
2924,2210
2925,2211
2926,2212
2927,-1
2928,2213
2929,2214
2930,2215
2931,2216
2932,-1
2933,-1
2934,2217
2935,2218
2936,2219
2937,-1
2938,2220
2939,-1
2940,2221
2941,2222
2942,2223
2943,-1
2944,-1
2945,2224
2946,-1
2947,2225
2948,2226
2949,2227
2950,2228
2951,2229
2952,2230
2953,-1
2954,2231
2955,-1
2956,-1
2957,-1
2958,-1
2959,2232
2960,2233
2961,2234
2962,2235
2963,-1
2964,2236
2965,2237
2966,-1
2967,2238
2968,2239
2969,-1
2970,-1
2971,2240
2972,-1
2973,2241
2974,2242
2975,2243
2976,-1
2977,2244
2978,2245
2979,2246
2980,2247
2981,2248
2982,-1
2983,2249
2984,2250
2985,-1
2986,2251
2987,2252
2988,2253
2989,-1
2990,-1
2991,2254
2992,2255
2993,2256
2994,2257
2995,2258
2996,2259
2997,2260
2998,-1
2999,2261
3000,2262
3001,-1
3002,2263
3003,2264
3004,2265
3005,2266
3006,2267
3007,2268
3008,2269
3009,-1
3010,2270
3011,-1
3012,2271
3013,2272
3014,2273
3015,2274
3016,2275
3017,2276
3018,2277
3019,2278
3020,2279
3021,2280
3022,2281
3023,2282
3024,-1
3025,2283
3026,2284
3027,2285
3028,2286
3029,2287
3030,2288
3031,-1
3032,2289
3033,2290
3034,-1
3035,2291
3036,-1
3037,2292
3038,2293
3039,2294
3040,2295
3041,2296
3042,2297
3043,2298
3044,2299
3045,2300
3046,-1
3047,2301
3048,2302
3049,2303
3050,2304
3051,2305
3052,2306
3053,2307
3054,-1
3055,2308
3056,2309
3057,2310
3058,2311
3059,-1
3060,2312
3061,2313
3062,2314
3063,-1
3064,2315
3065,2316
3066,2317
3067,2318
3068,2319
3069,-1
3070,2320
3071,2321
3072,2322
3073,2323
3074,2324
3075,2325
3076,-1
3077,2326
3078,2327
3079,2328
3080,-1
3081,2329
3082,-1
3083,-1
3084,2330
3085,2331
3086,2332
3087,2333
3088,2334
3089,2335
3090,2336
3091,2337
3092,2338
3093,2339
3094,2340
3095,2341
3096,2342
3097,2343
3098,-1
3099,2344
3100,2345
3101,2346
3102,2347
3103,-1
3104,-1
3105,2348
3106,-1
3107,2349
3108,2350
3109,2351
3110,2352
3111,-1
3112,2353
3113,2354
3114,2355
3115,2356
3116,2357
3117,2358
3118,2359
3119,-1
3120,2360
3121,2361
3122,2362
3123,2363
3124,2364
3125,-1
3126,2365
3127,2366
3128,2367
3129,2368
3130,-1
3131,2369
3132,2370
3133,-1
3134,2371
3135,2372
3136,2373
3137,-1
3138,2374
3139,2375
3140,2376
3141,2377
3142,2378
3143,2379
3144,2380
3145,2381
3146,2382
3147,2383
3148,2384
3149,2385
3150,2386
3151,-1
3152,-1
3153,2387
3154,2388
3155,2389
3156,2390
3157,2391
3158,2392
3159,2393
3160,2394
3161,2395
3162,2396
3163,2397
3164,2398
3165,2399
3166,2400
3167,2401
3168,2402
3169,2403
3170,2404
3171,2405
3172,2406
3173,2407
3174,2408
3175,-1
3176,2409
3177,2410
3178,2411
3179,2412
3180,2413
3181,2414
3182,2415
3183,2416
3184,2417
3185,2418
3186,-1
3187,2419
3188,2420
3189,2421
3190,2422
3191,2423
3192,2424
3193,-1
3194,2425
3195,2426
3196,-1
3197,2427
3198,2428
3199,2429
3200,2430
3201,2431
3202,2432
3203,-1
3204,2433
3205,-1
3206,-1
3207,2434
3208,-1
3209,2435
3210,-1
3211,2436
3212,2437
3213,2438
3214,2439
3215,2440
3216,-1
3217,2441
3218,2442
3219,-1
3220,2443
3221,2444
3222,2445
3223,-1
3224,2446
3225,2447
3226,2448
3227,2449
3228,2450
3229,2451
3230,2452
3231,2453
3232,2454
3233,-1
3234,2455
3235,2456
3236,-1
3237,2457
3238,2458
3239,2459
3240,2460
3241,2461
3242,2462
3243,2463
3244,2464
3245,2465
3246,2466
3247,-1
3248,2467
3249,2468
3250,-1
3251,2469
3252,-1
3253,2470
3254,-1
3255,2471
3256,2472
3257,2473
3258,2474
3259,2475
3260,2476
3261,2477
3262,2478
3263,-1
3264,2479
3265,2480
3266,2481
3267,2482
3268,2483
3269,2484
3270,2485
3271,2486
3272,-1
3273,2487
3274,2488
3275,-1
3276,-1
3277,2489
3278,2490
3279,2491
3280,-1
3281,2492
3282,2493
3283,2494
3284,2495
3285,2496
3286,2497
3287,-1
3288,2498
3289,2499
3290,2500
3291,-1
3292,2501
3293,-1
3294,2502
3295,-1
3296,-1
3297,-1
3298,2503
3299,2504
3300,2505
3301,-1
3302,2506
3303,2507
3304,-1
3305,2508
3306,2509
3307,-1
3308,-1
3309,2510
3310,2511
3311,-1
3312,-1
3313,2512
3314,2513
3315,2514
3316,2515
3317,2516
3318,2517
3319,2518
3320,-1
3321,2519
3322,-1
3323,2520
3324,2521
3325,-1
3326,2522
3327,2523
3328,-1
3329,2524
3330,-1
3331,2525
3332,2526
3333,-1
3334,-1
3335,2527
3336,-1
3337,2528
3338,2529
3339,-1
3340,-1
3341,2530
3342,-1
3343,2531
3344,2532
3345,2533
3346,2534
3347,-1
3348,2535
3349,2536
3350,2537
3351,2538
3352,-1
3353,2539
3354,2540
3355,-1
3356,2541
3357,2542
3358,2543
3359,-1
3360,-1
3361,2544
3362,2545
3363,2546
3364,2547
3365,2548
3366,2549
3367,2550
3368,2551
3369,-1
3370,2552
3371,2553
3372,2554
3373,2555
3374,2556
3375,-1
3376,2557
3377,2558
3378,2559
3379,-1
3380,2560
3381,-1
3382,-1
3383,2561
3384,-1
3385,2562
3386,-1
3387,2563
3388,2564
3389,2565
3390,2566
3391,2567
3392,-1
3393,2568
3394,2569
3395,-1
3396,2570
3397,2571
3398,2572
3399,2573
3400,2574
3401,2575
3402,2576
3403,2577
3404,2578
3405,-1
3406,2579
3407,-1
3408,2580
3409,2581
3410,2582
3411,2583
3412,2584
3413,2585
3414,2586
3415,2587
3416,2588
3417,2589
3418,-1
3419,2590
3420,2591
3421,2592
3422,2593
3423,2594
3424,-1
3425,2595
3426,-1
3427,2596
3428,2597
3429,2598
3430,2599
3431,2600
3432,-1
3433,-1
3434,2601
3435,-1
3436,2602
3437,2603
3438,2604
3439,-1
3440,2605
3441,-1
3442,2606
3443,-1
3444,2607
3445,2608
3446,2609
3447,2610
3448,2611
3449,2612
3450,2613
3451,2614
3452,-1
3453,2615
3454,2616
3455,2617
3456,2618
3457,2619
3458,2620
3459,2621
3460,-1
3461,2622
3462,2623
3463,-1
3464,2624
3465,-1
3466,2625
3467,2626
3468,2627
3469,-1
3470,-1
3471,-1
3472,2628
3473,2629
3474,2630
3475,2631
3476,2632
3477,-1
3478,2633
3479,2634
3480,2635
3481,2636
3482,2637
3483,2638
3484,2639
3485,2640
3486,2641
3487,2642
3488,2643
3489,2644
3490,2645
3491,2646
3492,2647
3493,-1
3494,2648
3495,2649
3496,2650
3497,2651
3498,2652
3499,2653
3500,2654
3501,-1
3502,2655
3503,2656
3504,2657
3505,2658
3506,2659
3507,2660
3508,2661
3509,-1
3510,2662
3511,2663
3512,2664
3513,-1
3514,2665
3515,2666
3516,2667
3517,2668
3518,2669
3519,2670
3520,-1
3521,2671
3522,2672
3523,2673
3524,2674
3525,-1
3526,2675
3527,2676
3528,-1
3529,2677
3530,2678
3531,-1
3532,-1
3533,2679
3534,-1
3535,2680
3536,2681
3537,-1
3538,2682
3539,2683
3540,-1
3541,2684
3542,2685
3543,2686
3544,2687
3545,2688
3546,2689
3547,2690
3548,2691
3549,2692
3550,2693
3551,2694
3552,2695
3553,2696
3554,2697
3555,2698
3556,-1
3557,2699
3558,2700
3559,-1
3560,2701
3561,2702
3562,2703
3563,2704
3564,-1
3565,2705
3566,2706
3567,2707
3568,2708
3569,-1
3570,2709
3571,2710
3572,2711
3573,-1
3574,2712
3575,2713
3576,-1
3577,2714
3578,2715
3579,2716
3580,-1
3581,2717
3582,2718
3583,-1
3584,-1
3585,2719
3586,2720
3587,-1
3588,2721
3589,2722
3590,2723
3591,2724
3592,2725
3593,2726
3594,2727
3595,2728
3596,2729
3597,2730
3598,-1
3599,-1
3600,2731
3601,2732
3602,2733
3603,2734
3604,-1
3605,2735
3606,2736
3607,2737
3608,2738
3609,2739
3610,2740
3611,2741
3612,-1
3613,2742
3614,2743
3615,-1
3616,2744
3617,2745
3618,2746
3619,2747
3620,-1
3621,2748
3622,2749
3623,2750
3624,2751
3625,2752
3626,2753
3627,-1
3628,2754
3629,2755
3630,2756
3631,2757
3632,2758
3633,2759
3634,2760
3635,2761
3636,2762
3637,2763
3638,-1
3639,-1
3640,2764
3641,-1
3642,2765
3643,2766
3644,-1
3645,2767
3646,2768
3647,-1
3648,2769
3649,-1
3650,2770
3651,-1
3652,2771
3653,-1
3654,2772
3655,2773
3656,2774
3657,-1
3658,2775
3659,2776
3660,-1
3661,2777
3662,2778
3663,2779
3664,2780
3665,-1
3666,2781
3667,2782
3668,-1
3669,-1
3670,2783
3671,2784
3672,2785
3673,2786
3674,2787
3675,2788
3676,-1
3677,2789
3678,-1
3679,2790
3680,2791
3681,2792
3682,2793
3683,2794
3684,-1
3685,-1
3686,-1
3687,2795
3688,2796
3689,2797
3690,2798
3691,2799
3692,2800
3693,2801
3694,2802
3695,2803
3696,2804
3697,2805
3698,2806
3699,2807
3700,2808
3701,2809
3702,2810
3703,2811
3704,2812
3705,2813
3706,2814
3707,2815
3708,2816
3709,-1
3710,2817
3711,2818
3712,2819
3713,-1
3714,2820
3715,2821
3716,-1
3717,2822
3718,2823
3719,2824
3720,2825
3721,-1
3722,2826
3723,-1
3724,2827
3725,2828
3726,2829
3727,-1
3728,-1
3729,-1
3730,-1
3731,2830
3732,2831
3733,2832
3734,2833
3735,-1
3736,-1
3737,2834
3738,2835
3739,2836
3740,2837
3741,2838
3742,2839
3743,-1
3744,2840
3745,2841
3746,2842
3747,2843
3748,2844
3749,-1
3750,2845
3751,2846
3752,2847
3753,2848
3754,2849
3755,2850
3756,-1
3757,-1
3758,2851
3759,2852
3760,2853
3761,-1
3762,-1
3763,2854
3764,2855
3765,2856
3766,2857
3767,2858
3768,2859
3769,2860
3770,2861
3771,2862
3772,2863
3773,2864
3774,2865
3775,-1
3776,-1
3777,2866
3778,-1
3779,-1
3780,-1
3781,-1
3782,2867
3783,2868
3784,2869
3785,2870
3786,-1
3787,2871
3788,2872
3789,2873
3790,2874
3791,-1
3792,-1
3793,2875
3794,2876
3795,-1
3796,2877
3797,2878
3798,-1
3799,2879
3800,2880
3801,2881
3802,2882
3803,2883
3804,2884
3805,2885
3806,2886
3807,2887
3808,2888
3809,2889
3810,2890
3811,-1
3812,2891
3813,2892
3814,2893
3815,2894
3816,2895
3817,2896
3818,2897
3819,-1
3820,2898
3821,2899
3822,2900
3823,-1
3824,-1
3825,-1
3826,2901
3827,2902
3828,2903
3829,2904
3830,2905
3831,-1
3832,2906
3833,2907
3834,2908
3835,-1
3836,2909
3837,2910
3838,2911
3839,2912
3840,2913
3841,2914
3842,2915
3843,2916
3844,2917
3845,2918
3846,2919
3847,-1
3848,2920
3849,-1
3850,2921
3851,2922
3852,-1
3853,2923
3854,2924
3855,2925
3856,2926
3857,2927
3858,2928
3859,2929
3860,-1
3861,-1
3862,2930
3863,-1
3864,2931
3865,2932
3866,-1
3867,2933
3868,2934
3869,2935
3870,2936
3871,2937
3872,2938
3873,2939
3874,-1
3875,-1
3876,2940
3877,2941
3878,2942
3879,2943
3880,2944
3881,2945
3882,2946
3883,2947
3884,2948
3885,2949
3886,-1
3887,2950
3888,-1
3889,-1
3890,2951
3891,2952
3892,2953
3893,2954
3894,2955
3895,2956
3896,2957
3897,2958
3898,-1
3899,-1
3900,2959
3901,2960
3902,2961
3903,2962
3904,-1
3905,2963
3906,2964
3907,-1
3908,2965
3909,2966
3910,2967
3911,-1
3912,2968
3913,2969
3914,2970
3915,2971
3916,2972
3917,-1
3918,2973
3919,2974
3920,2975
3921,-1
3922,2976
3923,-1
3924,-1
3925,2977
3926,2978
3927,2979
3928,2980
3929,-1
3930,-1
3931,2981
3932,-1
3933,2982
3934,2983
3935,2984
3936,2985
3937,-1
3938,2986
3939,-1
3940,-1
3941,2987
3942,2988
3943,2989
3944,2990
3945,2991
3946,2992
3947,2993
3948,2994
3949,2995
3950,2996
3951,-1
3952,-1
3953,-1
3954,-1
3955,2997
3956,2998
3957,2999
3958,3000
3959,3001
3960,3002
3961,3003
3962,3004
3963,-1
3964,3005
3965,3006
3966,-1
3967,3007
3968,-1
3969,3008
3970,3009
3971,3010
3972,3011
3973,3012
3974,3013
3975,3014
3976,3015
3977,3016
3978,3017
3979,3018
3980,3019
3981,3020
3982,-1
3983,3021
3984,-1
3985,-1
3986,3022
3987,3023
3988,3024
3989,3025
3990,3026
3991,-1
3992,-1
3993,3027
3994,3028
3995,3029
3996,3030
3997,-1
3998,-1
3999,3031
4000,3032
4001,3033
4002,3034
4003,3035
4004,3036
4005,3037
4006,3038
4007,3039
4008,3040
4009,-1
4010,3041
4011,-1
4012,3042
4013,3043
4014,3044
4015,-1
4016,3045
4017,3046
4018,-1
4019,3047
4020,3048
4021,3049
4022,3050
4023,3051
4024,-1
4025,3052
4026,-1
4027,3053
4028,-1
4029,-1
4030,3054
4031,-1
4032,-1
4033,3055
4034,3056
4035,3057
4036,3058
4037,-1
4038,-1
4039,-1
4040,3059
4041,3060
4042,3061
4043,3062
4044,3063
4045,-1
4046,3064
4047,-1
4048,-1
4049,3065
4050,3066
4051,3067
4052,-1
4053,3068
4054,-1
4055,3069
4056,3070
4057,3071
4058,3072
4059,3073
4060,3074
4061,-1
4062,-1
4063,3075
4064,3076
4065,3077
4066,3078
4067,-1
4068,3079
4069,-1
4070,3080
4071,-1
4072,-1
4073,3081
4074,3082
4075,-1
4076,3083
4077,3084
4078,3085
4079,3086
4080,3087
4081,3088
4082,3089
4083,3090
4084,-1
4085,3091
4086,3092
4087,3093
4088,3094
4089,3095
4090,3096
4091,3097
4092,3098
4093,3099
4094,3100
4095,3101
4096,3102
4097,3103
4098,-1
4099,-1
4100,3104
4101,3105
4102,3106
4103,3107
4104,3108
4105,3109
4106,3110
4107,-1
4108,3111
4109,3112
4110,-1
4111,-1
4112,3113
4113,-1
4114,-1
4115,3114
4116,3115
4117,-1
4118,3116
4119,-1
4120,3117
4121,-1
4122,3118
4123,-1
4124,3119
4125,-1
4126,3120
4127,3121
4128,3122
4129,-1
4130,3123
4131,3124
4132,-1
4133,-1
4134,3125
4135,3126
4136,3127
4137,-1
4138,3128
4139,3129
4140,3130
4141,3131
4142,3132
4143,3133
4144,3134
4145,3135
4146,3136
4147,3137
4148,3138
4149,3139
4150,3140
4151,3141
4152,3142
4153,3143
4154,3144
4155,3145
4156,3146
4157,3147
4158,3148
4159,3149
4160,3150
4161,-1
4162,-1
4163,-1
4164,3151
4165,-1
4166,3152
4167,3153
4168,3154
4169,3155
4170,3156
4171,3157
4172,3158
4173,3159
4174,3160
4175,3161
4176,3162
4177,3163
4178,3164
4179,3165
4180,-1
4181,3166
4182,3167
4183,3168
4184,-1
4185,-1
4186,-1
4187,-1
4188,3169
4189,-1
4190,3170
4191,3171
4192,3172
4193,3173
4194,3174
4195,3175
4196,3176
4197,3177
4198,3178
4199,3179
4200,3180
4201,3181
4202,3182
4203,3183
4204,3184
4205,3185
4206,3186
4207,3187
4208,3188
4209,-1
4210,3189
4211,3190
4212,3191
4213,-1
4214,3192
4215,3193
4216,3194
4217,-1
4218,3195
4219,-1
4220,3196
4221,3197
4222,3198
4223,3199
4224,-1
4225,-1
4226,-1
4227,-1
4228,3200
4229,3201
4230,-1
4231,3202
4232,3203
4233,-1
4234,3204
4235,3205
4236,3206
4237,3207
4238,-1
4239,3208
4240,3209
4241,3210
4242,3211
4243,3212
4244,3213
4245,3214
4246,3215
4247,3216
4248,3217
4249,-1
4250,-1
4251,3218
4252,3219
4253,3220
4254,3221
4255,3222
4256,-1
4257,-1
4258,3223
4259,3224
4260,-1
4261,-1
4262,-1
4263,3225
4264,-1
4265,3226
4266,-1
4267,3227
4268,-1
4269,3228
4270,3229
4271,-1
4272,3230
4273,3231
4274,3232
4275,-1
4276,3233
4277,3234
4278,-1
4279,-1
4280,3235
4281,3236
4282,3237
4283,-1
4284,3238
4285,3239
4286,3240
4287,3241
4288,3242
4289,3243
4290,3244
4291,3245
4292,3246
4293,3247
4294,3248
4295,3249
4296,3250
4297,3251
4298,-1
4299,3252
4300,3253
4301,3254
4302,3255
4303,3256
4304,3257
4305,-1
4306,3258
4307,3259
4308,3260
4309,3261
4310,3262
4311,3263
4312,3264
4313,3265
4314,3266
4315,3267
4316,3268
4317,3269
4318,-1
4319,3270
4320,3271
4321,3272
4322,3273
4323,3274
4324,3275
4325,3276
4326,-1
4327,-1
4328,3277
4329,3278
4330,3279
4331,3280
4332,3281
4333,3282
4334,3283
4335,3284
4336,-1
4337,3285
4338,-1
4339,3286
4340,3287
4341,3288
4342,3289
4343,3290
4344,3291
4345,-1
4346,3292
4347,3293
4348,3294
4349,-1
4350,3295
4351,3296
4352,3297
4353,-1
4354,-1
4355,3298
4356,3299
4357,3300
4358,-1
4359,-1
4360,3301
4361,3302
4362,-1
4363,3303
4364,3304
4365,3305
4366,3306
4367,3307
4368,-1
4369,3308
4370,3309
4371,3310
4372,-1
4373,3311
4374,3312
4375,3313
4376,3314
4377,3315
4378,3316
4379,-1
4380,-1
4381,-1
4382,3317
4383,3318
4384,3319
4385,3320
4386,3321
4387,3322
4388,-1
4389,-1
4390,3323
4391,3324
4392,3325
4393,3326
4394,-1
4395,3327
4396,3328
4397,-1
4398,-1
4399,3329
4400,3330
4401,3331
4402,3332
4403,-1
4404,3333
4405,3334
4406,3335
4407,3336
4408,3337
4409,3338
4410,3339
4411,-1
4412,-1
4413,3340
4414,3341
4415,-1
4416,3342
4417,3343
4418,3344
4419,3345
4420,-1
4421,-1
4422,3346
4423,3347
4424,3348
4425,3349
4426,-1
4427,3350
4428,3351
4429,3352
4430,-1
4431,-1
4432,3353
4433,-1
4434,3354
4435,3355
4436,3356
4437,-1
4438,3357
4439,3358
4440,3359
4441,-1
4442,3360
4443,3361
4444,-1
4445,-1
4446,3362
4447,3363
4448,3364
4449,-1
4450,3365
4451,-1
4452,3366
4453,-1
4454,-1
4455,3367
4456,3368
4457,3369
4458,-1
4459,3370
4460,3371
4461,-1
4462,3372
4463,3373
4464,-1
4465,3374
4466,3375
4467,3376
4468,3377
4469,3378
4470,3379
4471,3380
4472,3381
4473,3382
4474,3383
4475,-1
4476,3384
4477,3385
4478,3386
4479,-1
4480,3387
4481,-1
4482,-1
4483,3388
4484,-1
4485,-1
4486,-1
4487,3389
4488,3390
4489,3391
4490,3392
4491,3393
4492,3394
4493,-1
4494,3395
4495,3396
4496,-1
4497,3397
4498,3398
4499,-1
4500,3399
4501,3400
4502,3401
4503,3402
4504,3403
4505,3404
4506,-1
4507,3405
4508,-1
4509,3406
4510,3407
4511,3408
4512,-1
4513,3409
4514,3410
4515,3411
4516,3412
4517,3413
4518,3414
4519,3415
4520,3416
4521,-1
4522,3417
4523,3418
4524,3419
4525,3420
4526,3421
4527,3422
4528,-1
4529,3423
4530,3424
4531,3425
4532,3426
4533,3427
4534,3428
4535,3429
4536,3430
4537,3431
4538,3432
4539,3433
4540,-1
4541,-1
4542,3434
4543,3435
4544,3436
4545,3437
4546,-1
4547,3438
4548,-1
4549,-1
4550,-1
4551,3439
4552,3440
4553,3441
4554,3442
4555,-1
4556,3443
4557,3444
4558,3445
4559,3446
4560,3447
4561,3448
4562,3449
4563,3450
4564,3451
4565,-1
4566,-1
4567,3452
4568,3453
4569,3454
4570,3455
4571,3456
4572,3457
4573,3458
4574,3459
4575,-1
4576,-1
4577,-1
4578,3460
4579,-1
4580,3461
4581,3462
4582,3463
4583,3464
4584,-1
4585,3465
4586,3466
4587,3467
4588,3468
4589,-1
4590,3469
4591,-1
4592,3470
4593,3471
4594,3472
4595,-1
4596,3473
4597,3474
4598,3475
4599,3476
4600,3477
4601,3478
4602,3479
4603,3480
4604,3481
4605,-1
4606,3482
4607,3483
4608,3484
4609,3485
4610,3486
4611,-1
4612,-1
4613,3487
4614,3488
4615,3489
4616,3490
4617,-1
4618,3491
4619,3492
4620,3493
4621,-1
4622,3494
4623,-1
4624,3495
4625,3496
4626,-1
4627,3497
4628,3498
4629,3499
4630,3500
4631,3501
4632,3502
4633,3503
4634,3504
4635,-1
4636,3505
4637,3506
4638,-1
4639,3507
4640,3508
4641,3509
4642,-1
4643,-1
4644,3510
4645,3511
4646,3512
4647,-1
4648,-1
4649,3513
4650,3514
4651,-1
4652,-1
4653,3515
4654,-1
4655,-1
4656,-1
4657,3516
4658,3517
4659,3518
4660,-1
4661,3519
4662,3520
4663,-1
4664,3521
4665,-1
4666,3522
4667,3523
4668,3524
4669,-1
4670,3525
4671,-1
4672,3526
4673,3527
4674,3528
4675,3529
4676,-1
4677,3530
4678,3531
4679,3532
4680,-1
4681,3533
4682,-1
4683,3534
4684,3535
4685,3536
4686,3537
4687,-1
4688,3538
4689,-1
4690,3539
4691,-1
4692,3540
4693,-1
4694,3541
4695,3542
4696,3543
4697,3544
4698,3545
4699,3546
4700,3547
4701,3548
4702,-1
4703,3549
4704,3550
4705,3551
4706,3552
4707,3553
4708,-1
4709,3554
4710,3555
4711,3556
4712,3557
4713,-1
4714,3558
4715,-1
4716,-1
4717,-1
4718,3559
4719,3560
4720,-1
4721,3561
4722,3562
4723,-1
4724,3563
4725,3564
4726,3565
4727,-1
4728,3566
4729,3567
4730,3568
4731,3569
4732,-1
4733,3570
4734,3571
4735,3572
4736,3573
4737,-1
4738,-1
4739,3574
4740,3575
4741,3576
4742,3577
4743,3578
4744,3579
4745,-1
4746,3580
4747,3581
4748,3582
4749,3583
4750,3584
4751,3585
4752,-1
4753,3586
4754,3587
4755,-1
4756,3588
4757,-1
4758,3589
4759,3590
4760,3591
4761,3592
4762,3593
4763,3594
4764,3595
4765,3596
4766,3597
4767,3598
4768,3599
4769,3600
4770,3601
4771,-1
4772,3602
4773,3603
4774,3604
4775,3605
4776,3606
4777,-1
4778,-1
4779,3607
4780,3608
4781,3609
4782,3610
4783,-1
4784,-1
4785,3611
4786,3612
4787,3613
4788,-1
4789,3614
4790,3615
4791,3616
4792,3617
4793,3618
4794,3619
4795,3620
4796,3621
4797,-1
4798,3622
4799,-1
4800,3623
4801,3624
4802,3625
4803,-1
4804,3626
4805,3627
4806,3628
4807,3629
4808,-1
4809,3630
4810,3631
4811,3632
4812,-1
4813,-1
4814,3633
4815,3634
4816,3635
4817,3636
4818,3637
4819,-1
4820,3638
4821,3639
4822,3640
4823,3641
4824,-1
4825,3642
4826,3643
4827,-1
4828,-1
4829,3644
4830,3645
4831,-1
4832,3646
4833,3647
4834,3648
4835,3649
4836,3650
4837,3651
4838,3652
4839,-1
4840,-1
4841,3653
4842,3654
4843,-1
4844,3655
4845,-1
4846,-1
4847,3656
4848,3657
4849,3658
4850,-1
4851,3659
4852,-1
4853,-1
4854,3660
4855,-1
4856,-1
4857,-1
4858,3661
4859,-1
4860,3662
4861,3663
4862,-1
4863,-1
4864,3664
4865,-1
4866,-1
4867,3665
4868,3666
4869,3667
4870,3668
4871,3669
4872,3670
4873,3671
4874,-1
4875,3672
4876,3673
4877,3674
4878,3675
4879,3676
4880,3677
4881,3678
4882,3679
4883,3680
4884,3681
4885,3682
4886,3683
4887,3684
4888,3685
4889,-1
4890,3686
4891,3687
4892,3688
4893,-1
4894,-1
4895,-1
4896,3689
4897,-1
4898,3690
4899,-1
4900,3691
4901,-1
4902,-1
4903,3692
4904,3693
4905,3694
4906,3695
4907,3696
4908,3697
4909,3698
4910,3699
4911,3700
4912,-1
4913,3701
4914,3702
4915,-1
4916,3703
4917,-1
4918,3704
4919,3705
4920,3706
4921,3707
4922,3708
4923,-1
4924,3709
4925,-1
4926,-1
4927,3710
4928,3711
4929,-1
4930,-1
4931,3712
4932,3713
4933,3714
4934,-1
4935,3715
4936,3716
4937,-1
4938,3717
4939,3718
4940,3719
4941,3720
4942,3721
4943,-1
4944,3722
4945,-1
4946,3723
4947,-1
4948,3724
4949,-1
4950,3725
4951,3726
4952,-1
4953,3727
4954,3728
4955,3729
4956,3730
4957,-1
4958,-1
4959,-1
4960,3731
4961,3732
4962,3733
4963,3734
4964,3735
4965,3736
4966,3737
4967,3738
4968,3739
4969,3740
4970,3741
4971,-1
4972,3742
4973,3743
4974,3744
4975,3745
4976,3746
4977,3747
4978,3748
4979,-1
4980,3749
4981,3750
4982,3751
4983,3752
4984,3753
4985,3754
4986,3755
4987,3756
4988,3757
4989,-1
4990,3758
4991,-1
4992,3759
4993,3760
4994,-1
4995,-1
4996,3761
4997,3762
4998,3763
4999,3764
5000,3765
5001,-1
5002,-1
5003,3766
5004,-1
5005,3767
5006,-1
5007,-1
5008,3768
5009,3769
5010,3770
5011,3771
5012,-1
5013,-1
5014,3772
5015,3773
5016,3774
5017,3775
5018,3776
5019,-1
5020,3777
5021,-1
5022,3778
5023,3779
5024,3780
5025,-1
5026,3781
5027,-1
5028,-1
5029,-1
5030,3782
5031,3783
5032,3784
5033,-1
5034,3785
5035,-1
5036,3786
5037,3787
5038,3788
5039,3789
5040,-1
5041,3790
5042,3791
5043,3792
5044,3793
5045,3794
5046,-1
5047,-1
5048,-1
5049,3795
5050,3796
5051,3797
5052,3798
5053,3799
5054,3800
5055,3801
5056,3802
5057,3803
5058,3804
5059,3805
5060,-1
5061,-1
5062,3806
5063,-1
5064,3807
5065,3808
5066,-1
5067,-1
5068,3809
5069,3810
5070,3811
5071,-1
5072,3812
5073,3813
5074,3814
5075,-1
5076,3815
5077,-1
5078,3816
5079,3817
5080,3818
5081,3819
5082,3820
5083,3821
5084,3822
5085,3823
5086,3824
5087,-1
5088,-1
5089,3825
5090,3826
5091,-1
5092,-1
5093,3827
5094,-1
5095,-1
5096,3828
5097,-1
5098,3829
5099,3830
5100,-1
5101,3831
5102,3832
5103,3833
5104,3834
5105,-1
5106,3835
5107,3836
5108,3837
5109,3838
5110,3839
5111,3840
5112,3841
5113,3842
5114,3843
5115,3844
5116,3845
5117,3846
5118,3847
5119,-1
5120,3848
5121,3849
5122,-1
5123,3850
5124,-1
5125,3851
5126,3852
5127,3853
5128,3854
5129,-1
5130,3855
5131,3856
5132,-1
5133,3857
5134,3858
5135,3859
5136,3860
5137,3861
5138,-1
5139,3862
5140,-1
5141,3863
5142,-1
5143,-1
5144,-1
5145,3864
5146,3865
5147,3866
5148,3867
5149,3868
5150,3869
5151,3870
5152,3871
5153,-1
5154,3872
5155,3873
5156,3874
5157,3875
5158,-1
5159,3876
5160,-1
5161,3877
5162,3878
5163,3879
5164,3880
5165,-1
5166,-1
5167,3881
5168,3882
5169,-1
5170,3883
5171,3884
5172,-1
5173,-1
5174,3885
5175,3886
5176,3887
5177,3888
5178,3889
5179,3890
5180,3891
5181,-1
5182,3892
5183,3893
5184,-1
5185,3894
5186,3895
5187,-1
5188,3896
5189,3897
5190,-1
5191,3898
5192,3899
5193,3900
5194,3901
5195,3902
5196,3903
5197,3904
5198,-1
5199,3905
5200,3906
5201,3907
5202,3908
5203,3909
5204,3910
5205,-1
5206,3911
5207,3912
5208,3913
5209,-1
5210,-1
5211,-1
5212,3914
5213,3915
5214,3916
5215,3917
5216,3918
5217,3919
5218,3920
5219,3921
5220,3922
5221,3923
5222,3924
5223,3925
5224,3926
5225,3927
5226,3928
5227,-1
5228,3929
5229,-1
5230,-1
5231,-1
5232,3930
5233,3931
5234,3932
5235,3933
5236,3934
5237,3935
5238,3936
5239,3937
5240,3938
5241,3939
5242,3940
5243,3941
5244,3942
5245,3943
5246,3944
5247,-1
5248,3945
5249,3946
5250,-1
5251,3947
5252,3948
5253,-1
5254,3949
5255,3950
5256,3951
5257,-1
5258,-1
5259,3952
5260,3953
5261,-1
5262,3954
5263,-1
5264,-1
5265,-1
5266,3955
5267,3956
5268,3957
5269,3958
5270,-1
5271,3959
5272,3960
5273,3961
5274,3962
5275,3963
5276,3964
5277,-1
5278,3965
5279,3966
5280,-1
5281,3967
5282,3968
5283,-1
5284,3969
5285,3970
5286,-1
5287,3971
5288,3972
5289,-1
5290,3973
5291,3974
5292,-1
5293,3975
5294,3976
5295,3977
5296,3978
5297,3979
5298,3980
5299,3981
5300,3982
5301,3983
5302,-1
5303,-1
5304,-1
5305,3984
5306,-1
5307,-1
5308,-1
5309,-1
5310,3985
5311,3986
5312,3987
5313,3988
5314,3989
5315,3990
5316,3991
5317,-1
5318,-1
5319,-1
5320,3992
5321,-1
5322,3993
5323,-1
5324,3994
5325,3995
5326,-1
5327,3996
5328,3997
5329,3998
5330,3999
5331,4000
5332,4001
5333,4002
5334,4003
5335,-1
5336,4004
5337,-1
5338,-1
5339,4005
5340,4006
5341,-1
5342,-1
5343,-1
5344,4007
5345,4008
5346,-1
5347,-1
5348,-1
5349,-1
5350,4009
5351,4010
5352,4011
5353,4012
5354,4013
5355,4014
5356,4015
5357,4016
5358,4017
5359,4018
5360,-1
5361,4019
5362,4020
5363,4021
5364,4022
5365,-1
5366,4023
5367,-1
5368,4024
5369,-1
5370,-1
5371,4025
5372,4026
5373,4027
5374,-1
5375,4028
5376,-1
5377,4029
5378,-1
5379,4030
5380,4031
5381,4032
5382,4033
5383,4034
5384,4035
5385,4036
5386,4037
5387,4038
5388,4039
5389,-1
5390,-1
5391,-1
5392,4040
5393,-1
5394,4041
5395,4042
5396,-1
5397,4043
5398,4044
5399,4045
5400,4046
5401,4047
5402,4048
5403,-1
5404,4049
5405,-1
5406,4050
5407,4051
5408,-1
5409,-1
5410,-1
5411,-1
5412,4052
5413,4053
5414,-1
5415,-1
5416,4054
5417,-1
5418,-1
5419,-1
5420,4055
5421,4056
5422,4057
5423,-1
5424,4058
5425,-1
5426,-1
5427,-1
5428,4059
5429,-1
5430,4060
5431,4061
5432,-1
5433,4062
5434,4063
5435,4064
5436,4065
5437,4066
5438,-1
5439,4067
5440,4068
5441,4069
5442,4070
5443,4071
5444,4072
5445,4073
5446,4074
5447,4075
5448,4076
5449,4077
5450,-1
5451,4078
5452,4079
5453,4080
5454,4081
5455,4082
5456,-1
5457,4083
5458,4084
5459,-1
5460,4085
5461,4086
5462,-1
5463,-1
5464,4087
5465,4088
5466,-1
5467,4089
5468,4090
5469,4091
5470,4092
5471,4093
5472,4094
5473,-1
5474,-1
5475,-1
5476,-1
5477,4095
5478,4096
5479,4097
5480,4098
5481,-1
5482,4099
5483,4100
5484,4101
5485,4102
5486,4103
5487,-1
5488,4104
5489,-1
5490,4105
5491,4106
5492,4107
5493,4108
5494,4109
5495,4110
5496,-1
5497,4111
5498,4112
5499,-1
5500,4113
5501,4114
5502,4115
5503,4116
5504,-1
5505,4117
5506,4118
5507,4119
5508,4120
5509,4121
5510,4122
5511,4123
5512,-1
5513,-1
5514,4124
5515,4125
5516,4126
5517,4127
5518,4128
5519,4129
5520,4130
5521,4131
5522,4132
5523,-1
5524,4133
5525,4134
5526,-1
5527,4135
5528,-1
5529,4136
5530,4137
5531,4138
5532,4139
5533,4140
5534,-1
5535,-1
5536,-1
5537,4141
5538,4142
5539,4143
5540,4144
5541,4145
5542,4146
5543,4147
5544,4148
5545,-1
5546,4149
5547,4150
5548,4151
5549,4152
5550,4153
5551,-1
5552,4154
5553,4155
5554,4156
5555,4157
5556,4158
5557,4159
5558,-1
5559,4160
5560,4161
5561,4162
5562,-1
5563,4163
5564,4164
5565,-1
5566,4165
5567,-1
5568,-1
5569,-1
5570,4166
5571,4167
5572,4168
5573,4169
5574,4170
5575,4171
5576,4172
5577,4173
5578,-1
5579,-1
5580,4174
5581,4175
5582,4176
5583,4177
5584,4178
5585,4179
5586,-1
5587,4180
5588,-1
5589,4181
5590,4182
5591,4183
5592,4184
5593,4185
5594,-1
5595,-1
5596,4186
5597,-1
5598,4187
5599,4188
5600,4189
5601,-1
5602,4190
5603,4191
5604,4192
5605,4193
5606,-1
5607,4194
5608,4195
5609,4196
5610,4197
5611,4198
5612,4199
5613,4200
5614,-1
5615,4201
5616,4202
5617,4203
5618,4204
5619,4205
5620,4206
5621,4207
5622,4208
5623,4209
5624,-1
5625,-1
5626,-1
5627,4210
5628,-1
5629,4211
5630,4212
5631,-1
5632,4213
5633,4214
5634,4215
5635,4216
5636,4217
5637,4218
5638,4219
5639,4220
5640,-1
5641,4221
5642,4222
5643,4223
5644,4224
5645,4225
5646,4226
5647,4227
5648,-1
5649,4228
5650,-1
5651,4229
5652,-1
5653,4230
5654,4231
5655,4232
5656,4233
5657,4234
5658,4235
5659,4236
5660,4237
5661,-1
5662,4238
5663,4239
5664,4240
5665,4241
5666,4242
5667,4243
5668,-1
5669,-1
5670,4244
5671,4245
5672,-1
5673,4246
5674,4247
5675,4248
5676,4249
5677,-1
5678,-1
5679,4250
5680,-1
5681,4251
5682,4252
5683,-1
5684,4253
5685,4254
5686,-1
5687,4255
5688,4256
5689,-1
5690,4257
5691,4258
5692,-1
5693,4259
5694,4260
5695,-1
5696,4261
5697,4262
5698,4263
5699,4264
5700,4265
5701,-1
5702,4266
5703,-1
5704,-1
5705,4267
5706,-1
5707,4268
5708,4269
5709,4270
5710,4271
5711,4272
5712,4273
5713,-1
5714,-1
5715,4274
5716,4275
5717,-1
5718,-1
5719,4276
5720,4277
5721,4278
5722,4279
5723,-1
5724,4280
5725,-1
5726,4281
5727,4282
5728,4283
5729,4284
5730,4285
5731,4286
5732,4287
5733,4288
5734,4289
5735,-1
5736,4290
5737,-1
5738,4291
5739,4292
5740,-1
5741,4293
5742,4294
5743,4295
5744,-1
5745,4296
5746,-1
5747,4297
5748,4298
5749,4299
5750,-1
5751,4300
5752,4301
5753,-1
5754,4302
5755,-1
5756,-1
5757,-1
5758,4303
5759,4304
5760,4305
5761,-1
5762,4306
5763,4307
5764,-1
5765,4308
5766,4309
5767,4310
5768,4311
5769,-1
5770,-1
5771,4312
5772,-1
5773,4313
5774,-1
5775,4314
5776,4315
5777,-1
5778,-1
5779,4316
5780,-1
5781,4317
5782,4318
5783,4319
5784,4320
5785,-1
5786,-1
5787,-1
5788,4321
5789,-1
5790,-1
5791,-1
5792,4322
5793,4323
5794,4324
5795,4325
5796,4326
5797,-1
5798,4327
5799,4328
5800,4329
5801,4330
5802,4331
5803,4332
5804,4333
5805,4334
5806,4335
5807,4336
5808,-1
5809,4337
5810,-1
5811,4338
5812,4339
5813,4340
5814,4341
5815,-1
5816,4342
5817,4343
5818,4344
5819,4345
5820,4346
5821,4347
5822,-1
5823,4348
5824,4349
5825,4350
5826,4351
5827,4352
5828,4353
5829,-1
5830,4354
5831,4355
5832,-1
5833,-1
5834,-1
5835,4356
5836,4357
5837,4358
5838,4359
5839,-1
5840,4360
5841,4361
5842,4362
5843,4363
5844,4364
5845,4365
5846,4366
5847,4367
5848,4368
5849,4369
5850,-1
5851,4370
5852,4371
5853,4372
5854,4373
5855,4374
5856,4375
5857,-1
5858,4376
5859,4377
5860,-1
5861,-1
5862,4378
5863,4379
5864,4380
5865,4381
5866,4382
5867,4383
5868,4384
5869,4385
5870,-1
5871,4386
5872,4387
5873,-1
5874,-1
5875,4388
5876,4389
5877,4390
5878,4391
5879,4392
5880,4393
5881,-1
5882,4394
5883,4395
5884,-1
5885,4396
5886,-1
5887,4397
5888,4398
5889,4399
5890,4400
5891,4401
5892,4402
5893,4403
5894,4404
5895,-1
5896,-1
5897,-1
5898,4405
5899,-1
5900,4406
5901,4407
5902,-1
5903,4408
5904,-1
5905,4409
5906,4410
5907,4411
5908,4412
5909,-1
5910,4413
5911,-1
5912,4414
5913,-1
5914,4415
5915,4416
5916,4417
5917,4418
5918,4419
5919,4420
5920,4421
5921,4422
5922,4423
5923,4424
5924,4425
5925,4426
5926,4427
5927,4428
5928,4429
5929,-1
5930,4430
5931,-1
5932,-1
5933,4431
5934,4432
5935,-1
5936,4433
5937,4434
5938,4435
5939,4436
5940,4437
5941,4438
5942,-1
5943,-1
5944,-1
5945,4439
5946,4440
5947,4441
5948,-1
5949,4442
5950,4443
5951,-1
5952,-1
5953,4444
5954,4445
5955,4446
5956,4447
5957,-1
5958,4448
5959,4449
5960,4450
5961,4451
5962,4452
5963,4453
5964,4454
5965,4455
5966,4456
5967,4457
5968,4458
5969,4459
5970,4460
5971,-1
5972,4461
5973,4462
5974,4463
5975,4464
5976,4465
5977,4466
5978,4467
5979,4468
5980,4469
5981,4470
5982,4471
5983,4472
5984,4473
5985,4474
5986,4475
5987,-1
5988,4476
5989,4477
5990,-1
5991,4478
5992,-1
5993,4479
5994,-1
5995,4480
5996,4481
5997,4482
5998,4483
5999,4484
6000,4485
6001,4486
6002,-1
6003,4487
6004,4488
6005,-1
6006,4489
6007,4490
6008,4491
6009,4492
6010,4493
6011,-1
6012,4494
6013,-1
6014,4495
6015,4496
6016,4497
6017,-1
6018,-1
6019,4498
6020,4499
6021,4500
6022,4501
6023,4502
6024,4503
6025,4504
6026,4505
6027,4506
6028,4507
6029,4508
6030,4509
6031,4510
6032,4511
6033,4512
6034,4513
6035,4514
6036,-1
6037,4515
6038,4516
6039,4517
6040,-1
6041,4518
6042,4519
6043,4520
6044,-1
6045,-1
6046,4521
6047,4522
6048,-1
6049,4523
6050,4524
6051,4525
6052,4526
6053,4527
6054,4528
6055,4529
6056,-1
6057,4530
6058,-1
6059,4531
6060,-1
6061,4532
6062,4533
6063,4534
6064,4535
6065,-1
6066,-1
6067,4536
6068,4537
6069,-1
6070,4538
6071,4539
6072,4540
6073,4541
6074,-1
6075,4542
6076,4543
6077,4544
6078,4545
6079,4546
6080,4547
6081,-1
6082,4548
6083,-1
6084,-1
6085,4549
6086,4550
6087,4551
6088,-1
6089,4552
6090,4553
6091,4554
6092,4555
6093,-1
6094,4556
6095,4557
6096,-1
6097,4558
6098,4559
6099,4560
6100,-1
6101,-1
6102,4561
6103,4562
6104,4563
6105,-1
6106,-1
6107,4564
6108,-1
6109,-1
6110,4565
6111,-1
6112,4566
6113,-1
6114,4567
6115,-1
6116,-1
6117,-1
6118,4568
6119,4569
6120,4570
6121,4571
6122,4572
6123,4573
6124,4574
6125,4575
6126,4576
6127,4577
6128,4578
6129,4579
6130,-1
6131,4580
6132,4581
6133,4582
6134,4583
6135,4584
6136,-1
6137,-1
6138,4585
6139,4586
6140,-1
6141,4587
6142,4588
6143,4589
6144,4590
6145,4591
6146,4592
6147,4593
6148,4594
6149,4595
6150,4596
6151,-1
6152,4597
6153,4598
6154,4599
6155,4600
6156,4601
6157,4602
6158,4603
6159,-1
6160,4604
6161,4605
6162,4606
6163,4607
6164,4608
6165,4609
6166,4610
6167,4611
6168,4612
6169,4613
6170,-1
6171,4614
6172,4615
6173,4616
6174,4617
6175,4618
6176,-1
6177,4619
6178,4620
6179,-1
6180,-1
6181,4621
6182,4622
6183,4623
6184,4624
6185,-1
6186,-1
6187,4625
6188,4626
6189,4627
6190,-1
6191,4628
6192,4629
6193,4630
6194,-1
6195,4631
6196,4632
6197,4633
6198,-1
6199,4634
6200,4635
6201,-1
6202,4636
6203,4637
6204,4638
6205,4639
6206,-1
6207,-1
6208,4640
6209,-1
6210,4641
6211,4642
6212,4643
6213,4644
6214,4645
6215,4646
6216,4647
6217,4648
6218,4649
6219,4650
6220,4651
6221,4652
6222,4653
6223,4654
6224,4655
6225,-1
6226,-1
6227,4656
6228,4657
6229,4658
6230,4659
6231,4660
6232,4661
6233,4662
6234,-1
6235,4663
6236,4664
6237,4665
6238,-1
6239,-1
6240,4666
6241,4667
6242,4668
6243,4669
6244,4670
6245,4671
6246,4672
6247,4673
6248,-1
6249,4674
6250,-1
6251,-1
6252,-1
6253,-1
6254,4675
6255,4676
6256,-1
6257,4677
6258,4678
6259,-1
6260,4679
6261,4680
6262,4681
6263,4682
6264,-1
6265,4683
6266,4684
6267,-1
6268,-1
6269,4685
6270,4686
6271,-1
6272,4687
6273,4688
6274,4689
6275,4690
6276,4691
6277,-1
6278,4692
6279,-1
6280,4693
6281,4694
6282,-1
6283,4695
6284,-1
6285,4696
6286,4697
6287,4698
6288,4699
6289,-1
6290,4700
6291,4701
6292,-1
6293,4702
6294,4703
6295,-1
6296,-1
6297,-1
6298,4704
6299,-1
6300,4705
6301,4706
6302,-1
6303,4707
6304,4708
6305,-1
6306,4709
6307,-1
6308,4710
6309,4711
6310,4712
6311,4713
6312,4714
6313,4715
6314,4716
6315,4717
6316,4718
6317,-1
6318,-1
6319,-1
6320,4719
6321,4720
6322,-1
6323,4721
6324,4722
6325,-1
6326,4723
6327,4724
6328,4725
6329,-1
6330,4726
6331,4727
6332,4728
6333,4729
6334,-1
6335,4730
6336,4731
6337,4732
6338,-1
6339,4733
6340,4734
6341,4735
6342,4736
6343,4737
6344,4738
6345,-1
6346,4739
6347,4740
6348,4741
6349,4742
6350,4743
6351,4744
6352,-1
6353,4745
6354,4746
6355,4747
6356,-1
6357,4748
6358,-1
6359,-1
6360,-1
6361,4749
6362,4750
6363,4751
6364,4752
6365,4753
6366,4754
6367,4755
6368,-1
6369,4756
6370,4757
6371,4758
6372,-1
6373,4759
6374,4760
6375,-1
6376,4761
6377,4762
6378,-1
6379,4763
6380,4764
6381,4765
6382,4766
6383,4767
6384,4768
6385,-1
6386,4769
6387,4770
6388,4771
6389,-1
6390,4772
6391,-1
6392,4773
6393,4774
6394,4775
6395,4776
6396,4777
6397,-1
6398,-1
6399,4778
6400,-1
6401,4779
6402,4780
6403,-1
6404,4781
6405,-1
6406,4782
6407,4783
6408,4784
6409,4785
6410,4786
6411,4787
6412,4788
6413,4789
6414,4790
6415,4791
6416,4792
6417,-1
6418,-1
6419,4793
6420,4794
6421,4795
6422,4796
6423,4797
6424,4798
6425,4799
6426,4800
6427,4801
6428,4802
6429,-1
6430,4803
6431,4804
6432,4805
6433,-1
6434,4806
6435,4807
6436,4808
6437,4809
6438,4810
6439,4811
6440,4812
6441,-1
6442,-1
6443,4813
6444,4814
6445,4815
6446,4816
6447,4817
6448,4818
6449,-1
6450,4819
6451,4820
6452,4821
6453,4822
6454,-1
6455,4823
6456,4824
6457,4825
6458,4826
6459,-1
6460,4827
6461,-1
6462,4828
6463,4829
6464,-1
6465,-1
6466,4830
6467,4831
6468,4832
6469,4833
6470,4834
6471,4835
6472,-1
6473,4836
6474,4837
6475,-1
6476,-1
6477,4838
6478,4839
6479,4840
6480,4841
6481,4842
6482,4843
6483,4844
6484,4845
6485,4846
6486,4847
6487,4848
6488,4849
6489,4850
6490,4851
6491,4852
6492,-1
6493,4853
6494,-1
6495,4854
6496,4855
6497,4856
6498,4857
6499,-1
6500,4858
6501,4859
6502,4860
6503,4861
6504,4862
6505,4863
6506,4864
6507,4865
6508,4866
6509,4867
6510,4868
6511,-1
6512,4869
6513,-1
6514,-1
6515,-1
6516,-1
6517,4870
6518,4871
6519,4872
6520,4873
6521,4874
6522,4875
6523,4876
6524,4877
6525,4878
6526,4879
6527,4880
6528,4881
6529,4882
6530,-1
6531,-1
6532,4883
6533,-1
6534,4884
6535,4885
6536,4886
6537,4887
6538,-1
6539,-1
6540,4888
6541,4889
6542,4890
6543,4891
6544,-1
6545,4892
6546,-1
6547,-1
6548,-1
6549,-1
6550,4893
6551,4894
6552,4895
6553,-1
6554,4896
6555,-1
6556,-1
6557,4897
6558,-1
6559,4898
6560,-1
6561,4899
6562,4900
6563,4901
6564,4902
6565,4903
6566,4904
6567,4905
6568,4906
6569,-1
6570,4907
6571,4908
6572,4909
6573,4910
6574,4911
6575,4912
6576,4913
6577,-1
6578,4914
6579,4915
6580,4916
6581,4917
6582,4918
6583,-1
6584,4919
6585,-1
6586,4920
6587,-1
6588,4921
6589,-1
6590,4922
6591,4923
6592,4924
6593,4925
6594,4926
6595,4927
6596,4928
6597,4929
6598,-1
6599,4930
6600,4931
6601,4932
6602,4933
6603,4934
6604,-1
6605,4935
6606,4936
6607,4937
6608,4938
6609,4939
6610,4940
6611,4941
6612,4942
6613,4943
6614,-1
6615,4944
6616,4945
6617,4946
6618,4947
6619,4948
6620,4949
6621,4950
6622,-1
6623,4951
6624,-1
6625,4952
6626,4953
6627,4954
6628,4955
6629,-1
6630,4956
6631,4957
6632,4958
6633,-1
6634,4959
6635,4960
6636,4961
6637,4962
6638,4963
6639,4964
6640,-1
6641,4965
6642,4966
6643,-1
6644,-1
6645,-1
6646,-1
6647,4967
6648,4968
6649,4969
6650,-1
6651,4970
6652,4971
6653,4972
6654,4973
6655,4974
6656,4975
6657,-1
6658,-1
6659,4976
6660,-1
6661,4977
6662,4978
6663,-1
6664,4979
6665,-1
6666,4980
6667,4981
6668,-1
6669,-1
6670,4982
6671,4983
6672,-1
6673,-1
6674,-1
6675,4984
6676,4985
6677,4986
6678,4987
6679,4988
6680,4989
6681,4990
6682,4991
6683,-1
6684,4992
6685,4993
6686,4994
6687,-1
6688,4995
6689,-1
6690,4996
6691,4997
6692,4998
6693,-1
6694,4999
6695,5000
6696,-1
6697,5001
6698,5002
6699,5003
6700,-1
6701,5004
6702,5005
6703,5006
6704,-1
6705,5007
6706,5008
6707,-1
6708,5009
6709,5010
6710,5011
6711,-1
6712,5012
6713,5013
6714,-1
6715,-1
6716,5014
6717,5015
6718,5016
6719,5017
6720,5018
6721,-1
6722,5019
6723,-1
6724,5020
6725,5021
6726,5022
6727,-1
6728,-1
6729,5023
6730,-1
6731,5024
6732,5025
6733,5026
6734,5027
6735,5028
6736,5029
6737,5030
6738,5031
6739,5032
6740,-1
6741,5033
6742,5034
6743,5035
6744,5036
6745,5037
6746,5038
6747,-1
6748,5039
6749,5040
6750,5041
6751,5042
6752,-1
6753,-1
6754,5043
6755,-1
6756,5044
6757,5045
6758,5046
6759,5047
6760,5048
6761,5049
6762,5050
6763,5051
6764,5052
6765,5053
6766,-1
6767,5054
6768,5055
6769,5056
6770,5057
6771,5058
6772,-1
6773,-1
6774,5059
6775,-1
6776,-1
6777,5060
6778,5061
6779,5062
6780,-1
6781,5063
6782,-1
6783,-1
6784,5064
6785,5065
6786,-1
6787,5066
6788,5067
6789,-1
6790,5068
6791,5069
6792,5070
6793,5071
6794,-1
6795,-1
6796,5072
6797,5073
6798,5074
6799,5075
6800,5076
6801,5077
6802,5078
6803,-1
6804,5079
6805,5080
6806,-1
6807,5081
6808,5082
6809,5083
6810,5084
6811,5085
6812,5086
6813,5087
6814,5088
6815,5089
6816,5090
6817,5091
6818,-1
6819,5092
6820,5093
6821,-1
6822,5094
6823,5095
6824,5096
6825,5097
6826,5098
6827,-1
6828,5099
6829,-1
6830,5100
6831,-1
6832,5101
6833,5102
6834,-1
6835,5103
6836,5104
6837,5105
6838,5106
6839,5107
6840,-1
6841,5108
6842,5109
6843,5110
6844,5111
6845,5112
6846,-1
6847,5113
6848,5114
6849,-1
6850,-1
6851,-1
6852,5115
6853,-1
6854,-1
6855,5116
6856,5117
6857,-1
6858,5118
6859,5119
6860,-1
6861,-1
6862,5120
6863,5121
6864,5122
6865,5123
6866,5124
6867,5125
6868,5126
6869,-1
6870,-1
6871,5127
6872,5128
6873,5129
6874,-1
6875,-1
6876,5130
6877,5131
6878,5132
6879,-1
6880,5133
6881,5134
6882,5135
6883,5136
6884,5137
6885,5138
6886,5139
6887,5140
6888,5141
6889,-1
6890,5142
6891,5143
6892,-1
6893,5144
6894,-1
6895,-1
6896,5145
6897,5146
6898,-1
6899,5147
6900,5148
6901,5149
6902,5150
6903,5151
6904,5152
6905,5153
6906,-1
6907,5154
6908,5155
6909,5156
6910,5157
6911,5158
6912,5159
6913,5160
6914,5161
6915,-1
6916,5162
6917,5163
6918,-1
6919,-1
6920,5164
6921,5165
6922,-1
6923,5166
6924,5167
6925,5168
6926,-1
6927,5169
6928,5170
6929,5171
6930,-1
6931,5172
6932,5173
6933,5174
6934,-1
6935,5175
6936,5176
6937,-1
6938,5177
6939,-1
6940,5178
6941,-1
6942,-1
6943,5179
6944,5180
6945,5181
6946,5182
6947,5183
6948,5184
6949,5185
6950,5186
6951,5187
6952,5188
6953,-1
6954,5189
6955,5190
6956,5191
6957,5192
6958,5193
6959,5194
6960,5195
6961,5196
6962,-1
6963,-1
6964,5197
6965,5198
6966,5199
6967,5200
6968,5201
6969,5202
6970,5203
6971,5204
6972,5205
6973,5206
6974,-1
6975,-1
6976,5207
6977,-1
6978,5208
6979,-1
6980,5209
6981,-1
6982,-1
6983,5210
6984,-1
6985,5211
6986,5212
6987,5213
6988,5214
6989,5215
6990,5216
6991,5217
6992,-1
6993,5218
6994,5219
6995,5220
6996,5221
6997,5222
6998,-1
6999,-1
7000,5223
7001,5224
7002,5225
7003,5226
7004,5227
7005,5228
7006,5229
7007,5230
7008,5231
7009,-1
7010,-1
7011,-1
7012,5232
7013,5233
7014,5234
7015,-1
7016,-1
7017,-1
7018,5235
7019,-1
7020,5236
7021,5237
7022,-1
7023,-1
7024,5238
7025,5239
7026,-1
7027,-1
7028,5240
7029,-1
7030,5241
7031,5242
7032,5243
7033,5244
7034,5245
7035,-1
7036,5246
7037,5247
7038,-1
7039,5248
7040,-1
7041,5249
7042,-1
7043,5250
7044,-1
7045,5251
7046,5252
7047,5253
7048,-1
7049,5254
7050,5255
7051,-1
7052,5256
7053,5257
7054,5258
7055,5259
7056,5260
7057,5261
7058,5262
7059,5263
7060,5264
7061,5265
7062,-1
7063,5266
7064,5267
7065,5268
7066,-1
7067,5269
7068,5270
7069,5271
7070,5272
7071,5273
7072,5274
7073,5275
7074,-1
7075,5276
7076,5277
7077,-1
7078,5278
7079,-1
7080,5279
7081,5280
7082,5281
7083,5282
7084,5283
7085,5284
7086,-1
7087,5285
7088,-1
7089,5286
7090,-1
7091,5287
7092,-1
7093,5288
7094,-1
7095,-1
7096,5289
7097,-1
7098,-1
7099,5290
7100,5291
7101,5292
7102,5293
7103,5294
7104,5295
7105,5296
7106,5297
7107,5298
7108,-1
7109,5299
7110,-1
7111,5300
7112,-1
7113,-1
7114,5301
7115,5302
7116,-1
7117,5303
7118,5304
7119,5305
7120,5306
7121,-1
7122,5307
7123,-1
7124,5308
7125,5309
7126,-1
7127,5310
7128,5311
7129,5312
7130,5313
7131,5314
7132,5315
7133,5316
7134,5317
7135,5318
7136,5319
7137,5320
7138,5321
7139,-1
7140,-1
7141,5322
7142,-1
7143,5323
7144,5324
7145,5325
7146,5326
7147,5327
7148,5328
7149,5329
7150,5330
7151,-1
7152,5331
7153,-1
7154,5332
7155,5333
7156,5334
7157,-1
7158,5335
7159,5336
7160,5337
7161,5338
7162,5339
7163,5340
7164,5341
7165,-1
7166,5342
7167,5343
7168,5344
7169,5345
7170,5346
7171,-1
7172,5347
7173,5348
7174,5349
7175,5350
7176,5351
7177,5352
7178,5353
7179,5354
7180,5355
7181,5356
7182,5357
7183,-1
7184,5358
7185,5359
7186,5360
7187,5361
7188,-1
7189,5362
7190,5363
7191,5364
7192,5365
7193,5366
7194,5367
7195,5368
7196,-1
7197,-1
7198,5369
7199,5370
7200,5371
7201,-1
7202,5372
7203,5373
7204,-1
7205,-1
7206,5374
7207,5375
7208,5376
7209,5377
7210,5378
7211,5379
7212,-1
7213,5380
7214,5381
7215,5382
7216,5383
7217,5384
7218,5385
7219,-1
7220,5386
7221,5387
7222,5388
7223,5389
7224,-1
7225,5390
7226,-1
7227,5391
7228,-1
7229,5392
7230,-1
7231,5393
7232,5394
7233,5395
7234,5396
7235,5397
7236,5398
7237,-1
7238,5399
7239,5400
7240,5401
7241,5402
7242,5403
7243,5404
7244,5405
7245,5406
7246,5407
7247,5408
7248,5409
7249,5410
7250,5411
7251,5412
7252,-1
7253,-1
7254,5413
7255,5414
7256,5415
7257,5416
7258,5417
7259,5418
7260,5419
7261,5420
7262,-1
7263,5421
7264,5422
7265,5423
7266,5424
7267,-1
7268,5425
7269,-1
7270,-1
7271,-1
7272,5426
7273,5427
7274,5428
7275,5429
7276,5430
7277,-1
7278,-1
7279,5431
7280,5432
7281,5433
7282,5434
7283,5435
7284,5436
7285,5437
7286,5438
7287,5439
7288,5440
7289,5441
7290,5442
7291,5443
7292,5444
7293,5445
7294,5446
7295,5447
7296,5448
7297,5449
7298,5450
7299,-1
7300,5451
7301,-1
7302,5452
7303,5453
7304,5454
7305,-1
7306,5455
7307,-1
7308,5456
7309,5457
7310,5458
7311,5459
7312,5460
7313,5461
7314,-1
7315,5462
7316,5463
7317,5464
7318,5465
7319,-1
7320,5466
7321,-1
7322,5467
7323,5468
7324,5469
7325,5470
7326,-1
7327,5471
7328,-1
7329,5472
7330,-1
7331,5473
7332,5474
7333,5475
7334,-1
7335,5476
7336,5477
7337,5478
7338,5479
7339,5480
7340,5481
7341,-1
7342,5482
7343,-1
7344,5483
7345,5484
7346,-1
7347,-1
7348,5485
7349,-1
7350,5486
7351,5487
7352,5488
7353,5489
7354,5490
7355,5491
7356,5492
7357,5493
7358,5494
7359,5495
7360,5496
7361,5497
7362,5498
7363,-1
7364,5499
7365,5500
7366,5501
7367,5502
7368,-1
7369,5503
7370,5504
7371,5505
7372,5506
7373,5507
7374,-1
7375,5508
7376,5509
7377,5510
7378,5511
7379,5512
7380,-1
7381,5513
7382,5514
7383,-1
7384,5515
7385,5516
7386,-1
7387,5517
7388,5518
7389,5519
7390,5520
7391,5521
7392,5522
7393,5523
7394,-1
7395,5524
7396,-1
7397,5525
7398,5526
7399,-1
7400,-1
7401,5527
7402,5528
7403,5529
7404,5530
7405,5531
7406,5532
7407,-1
7408,5533
7409,5534
7410,5535
7411,5536
7412,5537
7413,5538
7414,5539
7415,5540
7416,5541
7417,5542
7418,5543
7419,5544
7420,5545
7421,-1
7422,5546
7423,-1
7424,5547
7425,5548
7426,5549
7427,5550
7428,5551
7429,5552
7430,-1
7431,5553
7432,5554
7433,5555
7434,5556
7435,5557
7436,5558
7437,5559
7438,5560
7439,5561
7440,5562
7441,5563
7442,5564
7443,5565
7444,5566
7445,5567
7446,5568
7447,5569
7448,5570
7449,5571
7450,5572
7451,-1
7452,5573
7453,5574
7454,5575
7455,5576
7456,-1
7457,-1
7458,5577
7459,-1
7460,5578
7461,5579
7462,5580
7463,-1
7464,-1
7465,5581
7466,5582
7467,5583
7468,5584
7469,-1
7470,5585
7471,5586
7472,-1
7473,5587
7474,5588
7475,-1
7476,-1
7477,5589
7478,5590
7479,-1
7480,5591
7481,5592
7482,-1
7483,5593
7484,5594
7485,5595
7486,5596
7487,5597
7488,5598
7489,5599
7490,5600
7491,5601
7492,5602
7493,5603
7494,5604
7495,5605
7496,-1
7497,5606
7498,5607
7499,-1
7500,5608
7501,-1
7502,5609
7503,5610
7504,5611
7505,5612
7506,5613
7507,5614
7508,5615
7509,-1
7510,5616
7511,5617
7512,5618
7513,5619
7514,5620
7515,5621
7516,5622
7517,-1
7518,5623
7519,-1
7520,5624
7521,5625
7522,5626
7523,5627
7524,5628
7525,-1
7526,5629
7527,5630
7528,-1
7529,5631
7530,5632
7531,5633
7532,5634
7533,-1
7534,5635
7535,-1
7536,5636
7537,5637
7538,5638
7539,-1
7540,5639
7541,-1
7542,5640
7543,5641
7544,-1
7545,5642
7546,5643
7547,5644
7548,5645
7549,5646
7550,5647
7551,-1
7552,5648
7553,5649
7554,5650
7555,5651
7556,5652
7557,5653
7558,5654
7559,5655
7560,5656
7561,5657
7562,5658
7563,-1
7564,-1
7565,5659
7566,5660
7567,5661
7568,5662
7569,5663
7570,5664
7571,5665
7572,5666
7573,-1
7574,5667
7575,5668
7576,-1
7577,5669
7578,5670
7579,5671
7580,5672
7581,-1
7582,-1
7583,5673
7584,5674
7585,-1
7586,5675
7587,-1
7588,5676
7589,5677
7590,-1
7591,-1
7592,-1
7593,5678
7594,5679
7595,5680
7596,5681
7597,-1
7598,5682
7599,-1
7600,-1
7601,-1
7602,5683
7603,5684
7604,5685
7605,5686
7606,5687
7607,5688
7608,5689
7609,5690
7610,5691
7611,5692
7612,5693
7613,-1
7614,-1
7615,5694
7616,5695
7617,5696
7618,5697
7619,5698
7620,5699
7621,5700
7622,5701
7623,5702
7624,5703
7625,5704
7626,5705
7627,-1
7628,5706
7629,5707
7630,5708
7631,5709
7632,5710
7633,-1
7634,5711
7635,5712
7636,5713
7637,5714
7638,-1
7639,-1
7640,-1
7641,5715
7642,5716
7643,-1
7644,-1
7645,5717
7646,5718
7647,5719
7648,5720
7649,5721
7650,-1
7651,5722
7652,5723
7653,5724
7654,5725
7655,-1
7656,5726
7657,5727
7658,-1
7659,-1
7660,5728
7661,-1
7662,5729
7663,5730
7664,5731
7665,5732
7666,5733
7667,5734
7668,-1
7669,-1
7670,5735
7671,5736
7672,5737
7673,5738
7674,5739
7675,5740
7676,5741
7677,5742
7678,5743
7679,5744
7680,5745
7681,5746
7682,5747
7683,5748
7684,5749
7685,5750
7686,5751
7687,5752
7688,5753
7689,5754
7690,-1
7691,-1
7692,5755
7693,-1
7694,-1
7695,5756
7696,5757
7697,-1
7698,5758
7699,5759
7700,5760
7701,5761
7702,-1
7703,5762
7704,5763
7705,5764
7706,5765
7707,-1
7708,-1
7709,-1
7710,5766
7711,5767
7712,-1
7713,5768
7714,-1
7715,5769
7716,5770
7717,-1
7718,-1
7719,5771
7720,5772
7721,5773
7722,5774
7723,5775
7724,5776
7725,5777
7726,5778
7727,5779
7728,5780
7729,5781
7730,5782
7731,-1
7732,-1
7733,-1
7734,5783
7735,5784
7736,5785
7737,5786
7738,5787
7739,5788
7740,5789
7741,5790
7742,5791
7743,-1
7744,5792
7745,5793
7746,5794
7747,5795
7748,-1
7749,5796
7750,5797
7751,-1
7752,5798
7753,5799
7754,5800
7755,5801
7756,5802
7757,5803
7758,5804
7759,-1
7760,-1
7761,5805
7762,5806
7763,5807
7764,5808
7765,5809
7766,-1
7767,5810
7768,5811
7769,5812
7770,-1
7771,5813
7772,-1
7773,5814
7774,5815
7775,5816
7776,5817
7777,5818
7778,5819
7779,5820
7780,5821
7781,5822
7782,5823
7783,5824
7784,-1
7785,-1
7786,5825
7787,5826
7788,5827
7789,5828
7790,5829
7791,5830
7792,5831
7793,5832
7794,5833
7795,5834
7796,5835
7797,5836
7798,5837
7799,5838
7800,5839
7801,5840
7802,5841
7803,-1
7804,5842
7805,5843
7806,5844
7807,5845
7808,-1
7809,5846
7810,5847
7811,-1
7812,5848
7813,-1
7814,5849
7815,5850
7816,5851
7817,5852
7818,5853
7819,-1
7820,5854
7821,5855
7822,5856
7823,5857
7824,5858
7825,5859
7826,5860
7827,5861
7828,5862
7829,5863
7830,5864
7831,5865
7832,5866
7833,5867
7834,5868
7835,5869
7836,-1
7837,5870
7838,5871
7839,5872
7840,-1
7841,5873
7842,-1
7843,5874
7844,-1
7845,5875
7846,5876
7847,5877
7848,5878
7849,5879
7850,5880
7851,-1
7852,5881
7853,5882
7854,5883
7855,5884
7856,5885
7857,-1
7858,5886
7859,5887
7860,-1
7861,5888
7862,5889
7863,5890
7864,5891
7865,5892
7866,5893
7867,-1
7868,5894
7869,-1
7870,-1
7871,-1
7872,-1
7873,-1
7874,-1
7875,5895
7876,5896
7877,5897
7878,5898
7879,5899
7880,-1
7881,5900
7882,5901
7883,-1
7884,-1
7885,5902
7886,5903
7887,5904
7888,5905
7889,5906
7890,5907
7891,-1
7892,5908
7893,5909
7894,5910
7895,5911
7896,5912
7897,5913
7898,-1
7899,-1
7900,5914
7901,5915
7902,-1
7903,-1
7904,5916
7905,5917
7906,5918
7907,5919
7908,5920
7909,-1
7910,5921
7911,5922
7912,5923
7913,5924
7914,5925
7915,5926
7916,5927
7917,5928
7918,5929
7919,5930
7920,5931
7921,5932
7922,5933
7923,-1
7924,-1
7925,5934
7926,-1
7927,-1
7928,5935
7929,5936
7930,5937
7931,5938
7932,5939
7933,5940
7934,-1
7935,-1
7936,-1
7937,5941
7938,5942
7939,5943
7940,5944
7941,-1
7942,5945
7943,5946
7944,5947
7945,5948
7946,-1
7947,5949
7948,5950
7949,5951
7950,5952
7951,-1
7952,-1
7953,5953
7954,5954
7955,5955
7956,5956
7957,5957
7958,5958
7959,5959
7960,-1
7961,5960
7962,5961
7963,5962
7964,5963
7965,5964
7966,-1
7967,5965
7968,5966
7969,5967
7970,-1
7971,-1
7972,5968
7973,5969
7974,-1
7975,5970
7976,5971
7977,5972
7978,5973
7979,5974
7980,5975
7981,5976
7982,5977
7983,5978
7984,5979
7985,-1
7986,5980
7987,5981
7988,5982
7989,5983
7990,-1
7991,5984
7992,-1
7993,5985
7994,5986
7995,5987
7996,5988
7997,-1
7998,5989
7999,5990
8000,5991
8001,5992
8002,5993
8003,-1
8004,5994
8005,5995
8006,5996
8007,5997
8008,5998
8009,5999
8010,6000
8011,6001
8012,-1
8013,6002
8014,6003
8015,-1
8016,6004
8017,6005
8018,6006
8019,-1
8020,6007
8021,-1
8022,6008
8023,6009
8024,6010
8025,-1
8026,-1
8027,6011
8028,-1
8029,-1
8030,6012
8031,6013
8032,-1
8033,6014
8034,6015
8035,-1
8036,6016
8037,-1
8038,6017
8039,-1
8040,6018
8041,6019
8042,6020
8043,6021
8044,6022
8045,6023
8046,-1
8047,6024
8048,6025
8049,6026
8050,-1
8051,6027
8052,-1
8053,6028
8054,-1
8055,6029
8056,6030
8057,6031
8058,6032
8059,-1
8060,6033
8061,6034
8062,6035
8063,6036
8064,-1
8065,6037
8066,-1
8067,-1
8068,6038
8069,6039
8070,6040
8071,-1
8072,6041
8073,6042
8074,6043
8075,6044
8076,6045
8077,6046
8078,6047
8079,-1
8080,6048
8081,-1
8082,-1
8083,-1
8084,6049
8085,6050
8086,-1
8087,6051
8088,-1
8089,6052
8090,6053
8091,6054
8092,6055
8093,6056
8094,-1
8095,-1
8096,-1
8097,-1
8098,6057
8099,6058
8100,6059
8101,-1
8102,6060
8103,6061
8104,6062
8105,6063
8106,6064
8107,-1
8108,-1
8109,6065
8110,6066
8111,6067
8112,6068
8113,6069
8114,6070
8115,6071
8116,6072
8117,6073
8118,-1
8119,6074
8120,6075
8121,6076
8122,6077
8123,6078
8124,-1
8125,-1
8126,6079
8127,6080
8128,6081
8129,6082
8130,6083
8131,6084
8132,6085
8133,6086
8134,6087
8135,6088
8136,6089
8137,6090
8138,6091
8139,6092
8140,6093
8141,-1
8142,-1
8143,6094
8144,6095
8145,-1
8146,-1
8147,-1
8148,6096
8149,6097
8150,6098
8151,6099
8152,6100
8153,6101
8154,6102
8155,-1
8156,-1
8157,6103
8158,6104
8159,6105
8160,6106
8161,6107
8162,-1
8163,6108
8164,6109
8165,6110
8166,6111
8167,6112
8168,6113
8169,6114
8170,6115
8171,6116
8172,6117
8173,6118
8174,-1
8175,-1
8176,6119
8177,-1
8178,6120
8179,6121
8180,-1
8181,-1
8182,-1
8183,6122
8184,6123
8185,6124
8186,6125
8187,6126
8188,6127
8189,6128
8190,6129
8191,6130
8192,6131
8193,6132
8194,-1
8195,6133
8196,6134
8197,-1
8198,-1
8199,-1
8200,-1
8201,6135
8202,-1
8203,6136
8204,-1
8205,6137
8206,6138
8207,-1
8208,6139
8209,-1
8210,-1
8211,-1
8212,6140
8213,6141
8214,6142
8215,6143
8216,6144
8217,6145
8218,6146
8219,6147
8220,6148
8221,6149
8222,6150
8223,6151
8224,6152
8225,6153
8226,6154
8227,6155
8228,6156
8229,-1
8230,6157
8231,6158
8232,6159
8233,6160
8234,6161
8235,6162
8236,6163
8237,6164
8238,6165
8239,6166
8240,-1
8241,-1
8242,6167
8243,6168
8244,6169
8245,6170
8246,-1
8247,-1
8248,6171
8249,6172
8250,6173
8251,6174
8252,6175
8253,6176
8254,6177
8255,6178
8256,6179
8257,-1
8258,-1
8259,-1
8260,-1
8261,6180
8262,6181
8263,-1
8264,6182
8265,6183
8266,6184
8267,6185
8268,6186
8269,-1
8270,6187
8271,6188
8272,6189
8273,-1
8274,6190
8275,6191
8276,-1
8277,6192
8278,6193
8279,6194
8280,6195
8281,6196
8282,-1
8283,6197
8284,6198
8285,6199
8286,6200
8287,-1
8288,6201
8289,6202
8290,6203
8291,6204
8292,-1
8293,6205
8294,-1
8295,-1
8296,6206
8297,6207
8298,6208
8299,6209
8300,6210
8301,6211
8302,-1
8303,6212
8304,-1
8305,-1
8306,-1
8307,6213
8308,6214
8309,6215
8310,6216
8311,-1
8312,6217
8313,6218
8314,6219
8315,-1
8316,6220
8317,6221
8318,6222
8319,6223
8320,6224
8321,6225
8322,6226
8323,6227
8324,6228
8325,6229
8326,-1
8327,6230
8328,-1
8329,6231
8330,6232
8331,-1
8332,6233
8333,-1
8334,6234
8335,6235
8336,6236
8337,6237
8338,6238
8339,-1
8340,6239
8341,6240
8342,6241
8343,-1
8344,6242
8345,6243
8346,6244
8347,6245
8348,6246
8349,-1
8350,-1
8351,6247
8352,6248
8353,6249
8354,-1
8355,-1
8356,6250
8357,-1
8358,6251
8359,6252
8360,6253
8361,6254
8362,6255
8363,6256
8364,6257
8365,6258
8366,6259
8367,-1
8368,6260
8369,6261
8370,6262
8371,-1
8372,6263
8373,6264
8374,-1
8375,6265
8376,6266
8377,6267
8378,6268
8379,6269
8380,6270
8381,6271
8382,6272
8383,6273
8384,-1
8385,-1
8386,-1
8387,-1
8388,-1
8389,6274
8390,6275
8391,-1
8392,6276
8393,6277
8394,-1
8395,6278
8396,6279
8397,6280
8398,-1
8399,6281
8400,6282
8401,-1
8402,6283
8403,6284
8404,6285
8405,6286
8406,6287
8407,6288
8408,-1
8409,6289
8410,6290
8411,6291
8412,6292
8413,6293
8414,6294
8415,6295
8416,-1
8417,6296
8418,-1
8419,6297
8420,6298
8421,-1
8422,-1
8423,6299
8424,6300
8425,6301
8426,6302
8427,6303
8428,-1
8429,6304
8430,6305
8431,6306
8432,6307
8433,6308
8434,6309
8435,6310
8436,-1
8437,-1
8438,6311
8439,6312
8440,6313
8441,6314
8442,6315
8443,6316
8444,-1
8445,6317
8446,6318
8447,6319
8448,6320
8449,-1
8450,-1
8451,6321
8452,6322
8453,6323
8454,6324
8455,-1
8456,6325
8457,6326
8458,6327
8459,6328
8460,6329
8461,-1
8462,-1
8463,6330
8464,-1
8465,6331
8466,6332
8467,-1
8468,6333
8469,6334
8470,6335
8471,6336
8472,-1
8473,-1
8474,6337
8475,6338
8476,-1
8477,6339
8478,6340
8479,6341
8480,6342
8481,-1
8482,6343
8483,6344
8484,6345
8485,-1
8486,6346
8487,6347
8488,-1
8489,6348
8490,-1
8491,6349
8492,6350
8493,6351
8494,6352
8495,-1
8496,6353
8497,6354
8498,6355
8499,6356
8500,6357
8501,-1
8502,6358
8503,-1
8504,-1
8505,6359
8506,6360
8507,6361
8508,6362
8509,6363
8510,-1
8511,-1
8512,-1
8513,6364
8514,-1
8515,6365
8516,6366
8517,6367
8518,6368
8519,6369
8520,6370
8521,6371
8522,6372
8523,6373
8524,6374
8525,6375
8526,-1
8527,-1
8528,6376
8529,6377
8530,6378
8531,6379
8532,6380
8533,6381
8534,6382
8535,6383
8536,6384
8537,-1
8538,6385
8539,6386
8540,6387
8541,6388
8542,6389
8543,6390
8544,6391
8545,6392
8546,6393
8547,-1
8548,-1
8549,-1
8550,-1
8551,6394
8552,6395
8553,-1
8554,6396
8555,6397
8556,6398
8557,6399
8558,6400
8559,-1
8560,6401
8561,6402
8562,6403
8563,-1
8564,-1
8565,-1
8566,-1
8567,6404
8568,-1
8569,6405
8570,6406
8571,6407
8572,6408
8573,6409
8574,6410
8575,6411
8576,6412
8577,6413
8578,6414
8579,-1
8580,6415
8581,-1
8582,-1
8583,6416
8584,-1
8585,6417
8586,6418
8587,6419
8588,-1
8589,6420
8590,6421
8591,6422
8592,6423
8593,-1
8594,6424
8595,-1
8596,6425
8597,6426
8598,-1
8599,6427
8600,6428
8601,-1
8602,-1
8603,6429
8604,-1
8605,6430
8606,6431
8607,6432
8608,6433
8609,6434
8610,6435
8611,6436
8612,6437
8613,-1
8614,6438
8615,6439
8616,6440
8617,6441
8618,6442
8619,6443
8620,6444
8621,6445
8622,6446
8623,6447
8624,6448
8625,-1
8626,6449
8627,6450
8628,6451
8629,-1
8630,6452
8631,-1
8632,6453
8633,6454
8634,6455
8635,6456
8636,-1
8637,-1
8638,6457
8639,6458
8640,6459
8641,6460
8642,6461
8643,-1
8644,6462
8645,6463
8646,6464
8647,6465
8648,-1
8649,6466
8650,6467
8651,-1
8652,6468
8653,6469
8654,6470
8655,6471
8656,6472
8657,-1
8658,-1
8659,-1
8660,6473
8661,6474
8662,6475
8663,-1
8664,6476
8665,-1
8666,6477
8667,6478
8668,6479
8669,-1
8670,-1
8671,6480
8672,6481
8673,6482
8674,6483
8675,6484
8676,6485
8677,6486
8678,6487
8679,-1
8680,6488
8681,-1
8682,-1
8683,6489
8684,6490
8685,6491
8686,6492
8687,6493
8688,6494
8689,6495
8690,6496
8691,6497
8692,6498
8693,6499
8694,-1
8695,6500
8696,6501
8697,6502
8698,-1
8699,6503
8700,-1
8701,6504
8702,-1
8703,6505
8704,6506
8705,6507
8706,6508
8707,6509
8708,-1
8709,-1
8710,-1
8711,-1
8712,6510
8713,6511
8714,6512
8715,6513
8716,6514
8717,-1
8718,6515
8719,6516
8720,6517
8721,-1
8722,6518
8723,6519
8724,6520
8725,-1
8726,6521
8727,-1
8728,6522
8729,6523
8730,-1
8731,6524
8732,6525
8733,6526
8734,6527
8735,6528
8736,6529
8737,6530
8738,6531
8739,6532
8740,-1
8741,6533
8742,6534
8743,6535
8744,6536
8745,6537
8746,6538
8747,6539
8748,-1
8749,6540
8750,6541
8751,6542
8752,6543
8753,6544
8754,-1
8755,6545
8756,6546
8757,6547
8758,6548
8759,6549
8760,6550
8761,6551
8762,-1
8763,6552
8764,6553
8765,6554
8766,6555
8767,6556
8768,6557
8769,-1
8770,6558
8771,6559
8772,6560
8773,6561
8774,-1
8775,6562
8776,6563
8777,-1
8778,-1
8779,6564
8780,-1
8781,6565
8782,-1
8783,-1
8784,-1
8785,6566
8786,6567
8787,6568
8788,-1
8789,6569
8790,-1
8791,6570
8792,6571
8793,6572
8794,6573
8795,6574
8796,6575
8797,6576
8798,6577
8799,-1
8800,-1
8801,-1
8802,-1
8803,-1
8804,6578
8805,6579
8806,6580
8807,6581
8808,-1
8809,6582
8810,6583
8811,6584
8812,6585
8813,-1
8814,-1
8815,6586
8816,6587
8817,6588
8818,6589
8819,6590
8820,6591
8821,-1
8822,6592
8823,6593
8824,6594
8825,6595
8826,6596
8827,6597
8828,6598
8829,6599
8830,6600
8831,6601
8832,6602
8833,6603
8834,6604
8835,-1
8836,-1
8837,-1
8838,6605
8839,-1
8840,6606
8841,6607
8842,6608
8843,6609
8844,-1
8845,6610
8846,6611
8847,6612
8848,6613
8849,6614
8850,6615
8851,-1
8852,6616
8853,6617
8854,-1
8855,6618
8856,-1
8857,6619
8858,6620
8859,6621
8860,6622
8861,6623
8862,6624
8863,6625
8864,-1
8865,6626
8866,6627
8867,6628
8868,6629
8869,-1
8870,6630
8871,6631
8872,6632
8873,6633
8874,6634
8875,6635
8876,6636
8877,-1
8878,6637
8879,6638
8880,6639
8881,-1
8882,6640
8883,6641
8884,6642
8885,6643
8886,6644
8887,6645
8888,6646
8889,6647
8890,6648
8891,6649
8892,6650
8893,-1
8894,6651
8895,6652
8896,6653
8897,-1
8898,6654
8899,-1
8900,6655
8901,-1
8902,-1
8903,-1
8904,-1
8905,6656
8906,6657
8907,6658
8908,6659
8909,6660
8910,6661
8911,6662
8912,-1
8913,6663
8914,6664
8915,6665
8916,6666
8917,-1
8918,6667
8919,6668
8920,6669
8921,-1
8922,6670
8923,6671
8924,6672
8925,6673
8926,6674
8927,6675
8928,-1
8929,6676
8930,-1
8931,6677
8932,6678
8933,6679
8934,-1
8935,6680
8936,6681
8937,6682
8938,6683
8939,6684
8940,-1
8941,6685
8942,6686
8943,6687
8944,-1
8945,-1
8946,6688
8947,6689
8948,6690
8949,6691
8950,6692
8951,6693
8952,6694
8953,6695
8954,6696
8955,6697
8956,-1
8957,6698
8958,6699
8959,6700
8960,6701
8961,6702
8962,6703
8963,6704
8964,6705
8965,6706
8966,6707
8967,-1
8968,-1
8969,-1
8970,6708
8971,6709
8972,6710
8973,6711
8974,6712
8975,-1
8976,6713
8977,6714
8978,6715
8979,6716
8980,-1
8981,6717
8982,6718
8983,-1
8984,6719
8985,6720
8986,6721
8987,6722
8988,6723
8989,6724
8990,6725
8991,6726
8992,6727
8993,6728
8994,6729
8995,6730
8996,6731
8997,6732
8998,-1
8999,6733
9000,6734
9001,-1
9002,-1
9003,-1
9004,6735
9005,-1
9006,6736
9007,6737
9008,6738
9009,6739
9010,6740
9011,6741
9012,6742
9013,6743
9014,6744
9015,6745
9016,6746
9017,6747
9018,-1
9019,6748
9020,-1
9021,6749
9022,-1
9023,6750
9024,-1
9025,6751
9026,6752
9027,6753
9028,-1
9029,-1
9030,-1
9031,-1
9032,6754
9033,-1
9034,6755
9035,6756
9036,6757
9037,6758
9038,6759
9039,6760
9040,6761
9041,6762
9042,-1
9043,-1
9044,6763
9045,6764
9046,6765
9047,-1
9048,6766
9049,-1
9050,-1
9051,-1
9052,6767
9053,-1
9054,6768
9055,6769
9056,6770
9057,-1
9058,6771
9059,-1
9060,6772
9061,-1
9062,6773
9063,6774
9064,6775
9065,6776
9066,6777
9067,-1
9068,6778
9069,-1
9070,-1
9071,6779
9072,6780
9073,-1
9074,6781
9075,6782
9076,6783
9077,6784
9078,6785
9079,6786
9080,6787
9081,6788
9082,6789
9083,6790
9084,-1
9085,-1
9086,6791
9087,6792
9088,6793
9089,6794
9090,6795
9091,6796
9092,6797
9093,6798
9094,-1
9095,-1
9096,6799
9097,6800
9098,-1
9099,6801
9100,-1
9101,6802
9102,-1
9103,6803
9104,6804
9105,6805
9106,-1
9107,6806
9108,6807
9109,6808
9110,6809
9111,6810
9112,6811
9113,-1
9114,6812
9115,-1
9116,6813
9117,6814
9118,-1
9119,6815
9120,-1
9121,6816
9122,6817
9123,6818
9124,6819
9125,6820
9126,6821
9127,6822
9128,6823
9129,-1
9130,-1
9131,6824
9132,6825
9133,6826
9134,6827
9135,-1
9136,6828
9137,6829
9138,6830
9139,-1
9140,-1
9141,-1
9142,6831
9143,6832
9144,6833
9145,-1
9146,-1
9147,-1
9148,6834
9149,-1
9150,6835
9151,6836
9152,6837
9153,-1
9154,6838
9155,6839
9156,6840
9157,6841
9158,6842
9159,6843
9160,-1
9161,6844
9162,-1
9163,6845
9164,6846
9165,-1
9166,-1
9167,-1
9168,6847
9169,6848
9170,6849
9171,6850
9172,6851
9173,-1
9174,6852
9175,6853
9176,6854
9177,6855
9178,6856
9179,-1
9180,6857
9181,6858
9182,6859
9183,6860
9184,6861
9185,-1
9186,6862
9187,6863
9188,-1
9189,6864
9190,6865
9191,6866
9192,6867
9193,6868
9194,6869
9195,-1
9196,-1
9197,-1
9198,6870
9199,6871
9200,6872
9201,6873
9202,6874
9203,6875
9204,6876
9205,6877
9206,6878
9207,6879
9208,6880
9209,6881
9210,-1
9211,-1
9212,6882
9213,6883
9214,6884
9215,6885
9216,6886
9217,6887
9218,-1
9219,6888
9220,6889
9221,6890
9222,6891
9223,-1
9224,6892
9225,6893
9226,6894
9227,-1
9228,-1
9229,6895
9230,6896
9231,6897
9232,6898
9233,6899
9234,6900
9235,6901
9236,6902
9237,6903
9238,-1
9239,-1
9240,6904
9241,6905
9242,6906
9243,6907
9244,-1
9245,6908
9246,6909
9247,6910
9248,6911
9249,6912
9250,6913
9251,6914
9252,-1
9253,-1
9254,-1
9255,6915
9256,6916
9257,6917
9258,6918
9259,6919
9260,6920
9261,-1
9262,6921
9263,6922
9264,6923
9265,6924
9266,6925
9267,6926
9268,6927
9269,6928
9270,6929
9271,6930
9272,6931
9273,6932
9274,6933
9275,6934
9276,-1
9277,6935
9278,6936
9279,6937
9280,-1
9281,6938
9282,6939
9283,-1
9284,6940
9285,6941
9286,6942
9287,6943
9288,6944
9289,-1
9290,6945
9291,6946
9292,6947
9293,6948
9294,-1
9295,-1
9296,6949
9297,6950
9298,6951
9299,6952
9300,-1
9301,6953
9302,-1
9303,6954
9304,6955
9305,6956
9306,6957
9307,-1
9308,-1
9309,6958
9310,-1
9311,-1
9312,6959
9313,6960
9314,6961
9315,6962
9316,6963
9317,6964
9318,-1
9319,6965
9320,6966
9321,6967
9322,-1
9323,6968
9324,6969
9325,-1
9326,6970
9327,-1
9328,-1
9329,6971
9330,6972
9331,6973
9332,6974
9333,-1
9334,6975
9335,6976
9336,6977
9337,6978
9338,6979
9339,6980
9340,6981
9341,6982
9342,6983
9343,6984
9344,-1
9345,6985
9346,-1
9347,6986
9348,6987
9349,6988
9350,6989
9351,6990
9352,6991
9353,6992
9354,6993
9355,6994
9356,-1
9357,6995
9358,6996
9359,-1
9360,-1
9361,6997
9362,6998
9363,6999
9364,-1
9365,-1
9366,7000
9367,-1
9368,7001
9369,7002
9370,7003
9371,7004
9372,7005
9373,7006
9374,7007
9375,7008
9376,-1
9377,7009
9378,7010
9379,7011
9380,7012
9381,-1
9382,7013
9383,7014
9384,7015
9385,7016
9386,-1
9387,7017
9388,7018
9389,7019
9390,7020
9391,7021
9392,7022
9393,7023
9394,7024
9395,-1
9396,7025
9397,7026
9398,7027
9399,7028
9400,-1
9401,7029
9402,7030
9403,7031
9404,-1
9405,7032
9406,-1
9407,-1
9408,7033
9409,-1
9410,7034
9411,7035
9412,7036
9413,7037
9414,7038
9415,-1
9416,7039
9417,7040
9418,7041
9419,7042
9420,7043
9421,7044
9422,7045
9423,7046
9424,-1
9425,7047
9426,-1
9427,-1
9428,7048
9429,-1
9430,7049
9431,7050
9432,-1
9433,7051
9434,7052
9435,-1
9436,7053
9437,7054
9438,7055
9439,7056
9440,7057
9441,7058
9442,-1
9443,7059
9444,7060
9445,7061
9446,7062
9447,7063
9448,7064
9449,-1
9450,7065
9451,-1
9452,-1
9453,7066
9454,7067
9455,7068
9456,-1
9457,-1
9458,7069
9459,7070
9460,-1
9461,7071
9462,-1
9463,7072
9464,7073
9465,7074
9466,7075
9467,-1
9468,7076
9469,7077
9470,7078
9471,7079
9472,-1
9473,7080
9474,7081
9475,7082
9476,7083
9477,7084
9478,7085
9479,7086
9480,7087
9481,7088
9482,7089
9483,7090
9484,7091
9485,7092
9486,7093
9487,7094
9488,7095
9489,7096
9490,7097
9491,7098
9492,7099
9493,7100
9494,7101
9495,-1
9496,7102
9497,-1
9498,-1
9499,7103
9500,7104
9501,7105
9502,7106
9503,7107
9504,7108
9505,-1
9506,7109
9507,-1
9508,7110
9509,7111
9510,-1
9511,7112
9512,7113
9513,7114
9514,7115
9515,7116
9516,-1
9517,7117
9518,7118
9519,-1
9520,7119
9521,7120
9522,7121
9523,7122
9524,7123
9525,7124
9526,7125
9527,7126
9528,7127
9529,7128
9530,7129
9531,7130
9532,7131
9533,7132
9534,7133
9535,7134
9536,7135
9537,7136
9538,-1
9539,7137
9540,-1
9541,7138
9542,7139
9543,-1
9544,7140
9545,7141
9546,-1
9547,7142
9548,7143
9549,7144
9550,7145
9551,7146
9552,-1
9553,7147
9554,7148
9555,7149
9556,7150
9557,7151
9558,7152
9559,7153
9560,7154
9561,7155
9562,7156
9563,7157
9564,7158
9565,-1
9566,7159
9567,7160
9568,7161
9569,-1
9570,7162
9571,7163
9572,7164
9573,-1
9574,-1
9575,7165
9576,7166
9577,-1
9578,7167
9579,7168
9580,7169
9581,7170
9582,-1
9583,7171
9584,-1
9585,7172
9586,-1
9587,7173
9588,7174
9589,7175
9590,7176
9591,7177
9592,-1
9593,7178
9594,7179
9595,7180
9596,7181
9597,7182
9598,-1
9599,7183
9600,-1
9601,7184
9602,7185
9603,-1
9604,7186
9605,-1
9606,7187
9607,7188
9608,7189
9609,-1
9610,7190
9611,-1
9612,-1
9613,7191
9614,7192
9615,7193
9616,7194
9617,-1
9618,7195
9619,-1
9620,7196
9621,7197
9622,7198
9623,7199
9624,7200
9625,7201
9626,-1
9627,7202
9628,7203
9629,7204
9630,-1
9631,7205
9632,7206
9633,7207
9634,7208
9635,7209
9636,7210
9637,7211
9638,-1
9639,-1
9640,7212
9641,-1
9642,7213
9643,7214
9644,-1
9645,-1
9646,7215
9647,-1
9648,-1
9649,7216
9650,7217
9651,7218
9652,7219
9653,7220
9654,7221
9655,7222
9656,7223
9657,7224
9658,7225
9659,7226
9660,7227
9661,7228
9662,-1
9663,7229
9664,7230
9665,-1
9666,-1
9667,7231
9668,7232
9669,7233
9670,-1
9671,7234
9672,7235
9673,7236
9674,7237
9675,7238
9676,7239
9677,7240
9678,7241
9679,-1
9680,7242
9681,7243
9682,7244
9683,7245
9684,7246
9685,7247
9686,7248
9687,7249
9688,7250
9689,7251
9690,-1
9691,-1
9692,7252
9693,7253
9694,-1
9695,7254
9696,-1
9697,7255
9698,7256
9699,7257
9700,7258
9701,7259
9702,7260
9703,7261
9704,7262
9705,7263
9706,-1
9707,7264
9708,7265
9709,7266
9710,7267
9711,7268
9712,7269
9713,7270
9714,7271
9715,7272
9716,7273
9717,-1
9718,7274
9719,7275
9720,7276
9721,7277
9722,7278
9723,7279
9724,7280
9725,7281
9726,7282
9727,7283
9728,7284
9729,7285
9730,-1
9731,7286
9732,-1
9733,-1
9734,7287
9735,-1
9736,7288
9737,7289
9738,7290
9739,-1
9740,-1
9741,7291
9742,7292
9743,7293
9744,7294
9745,-1
9746,7295
9747,7296
9748,7297
9749,-1
9750,7298
9751,7299
9752,-1
9753,7300
9754,7301
9755,-1
9756,7302
9757,7303
9758,7304
9759,7305
9760,7306
9761,-1
9762,-1
9763,7307
9764,7308
9765,7309
9766,-1
9767,-1
9768,-1
9769,7310
9770,7311
9771,7312
9772,7313
9773,-1
9774,7314
9775,7315
9776,7316
9777,-1
9778,7317
9779,7318
9780,-1
9781,7319
9782,7320
9783,-1
9784,7321
9785,7322
9786,7323
9787,-1
9788,-1
9789,7324
9790,-1
9791,7325
9792,7326
9793,-1
9794,-1
9795,-1
9796,7327
9797,7328
9798,7329
9799,7330
9800,-1
9801,-1
9802,7331
9803,7332
9804,7333
9805,-1
9806,7334
9807,7335
9808,7336
9809,7337
9810,-1
9811,7338
9812,-1
9813,7339
9814,-1
9815,7340
9816,7341
9817,7342
9818,7343
9819,7344
9820,7345
9821,7346
9822,7347
9823,7348
9824,7349
9825,-1
9826,7350
9827,7351
9828,-1
9829,7352
9830,-1
9831,-1
9832,-1
9833,7353
9834,7354
9835,-1
9836,-1
9837,-1
9838,7355
9839,7356
9840,7357
9841,-1
9842,7358
9843,-1
9844,7359
9845,7360
9846,7361
9847,7362
9848,7363
9849,7364
9850,-1
9851,7365
9852,7366
9853,-1
9854,-1
9855,7367
9856,7368
9857,7369
9858,7370
9859,7371
9860,7372
9861,7373
9862,7374
9863,7375
9864,-1
9865,7376
9866,7377
9867,7378
9868,7379
9869,7380
9870,7381
9871,7382
9872,7383
9873,7384
9874,7385
9875,7386
9876,7387
9877,-1
9878,-1
9879,7388
9880,7389
9881,-1
9882,7390
9883,-1
9884,7391
9885,7392
9886,7393
9887,7394
9888,7395
9889,7396
9890,-1
9891,7397
9892,7398
9893,7399
9894,7400
9895,7401
9896,-1
9897,7402
9898,7403
9899,7404
9900,-1
9901,7405
9902,7406
9903,7407
9904,7408
9905,-1
9906,7409
9907,-1
9908,-1
9909,7410
9910,7411
9911,7412
9912,7413
9913,7414
9914,7415
9915,-1
9916,7416
9917,7417
9918,7418
9919,7419
9920,7420
9921,-1
9922,7421
9923,7422
9924,7423
9925,7424
9926,7425
9927,-1
9928,-1
9929,7426
9930,7427
9931,7428
9932,7429
9933,7430
9934,7431
9935,7432
9936,7433
9937,-1
9938,-1
9939,7434
9940,7435
9941,7436
9942,-1
9943,7437
9944,7438
9945,7439
9946,7440
9947,7441
9948,-1
9949,7442
9950,7443
9951,-1
9952,7444
9953,-1
9954,7445
9955,7446
9956,7447
9957,7448
9958,7449
9959,7450
9960,-1
9961,7451
9962,7452
9963,7453
9964,7454
9965,-1
9966,7455
9967,7456
9968,7457
9969,7458
9970,7459
9971,7460
9972,7461
9973,7462
9974,7463
9975,7464
9976,7465
9977,7466
9978,7467
9979,-1
9980,7468
9981,-1
9982,7469
9983,7470
9984,7471
9985,-1
9986,7472
9987,-1
9988,7473
9989,7474
9990,7475
9991,7476
9992,7477
9993,7478
9994,7479
9995,7480
9996,-1
9997,7481
9998,7482
9999,7483
